sigma, x , y
1.1500000000000001,0.00209339,0.0146316
1.0900000000000003,0.030652,0.0366397
0.9300000000000002,0.0371756,0.00400842
1.1100000000000003,0.0661594,0.0258636
0.9100000000000001,0.0651918,-0.00572518
1.1100000000000003,0.102091,0.0139493
1.0900000000000003,0.141127,0.00979548
0.9900000000000001,0.123029,0.0395454
0.9100000000000001,0.152483,0.0399163
1.1900000000000002,0.177258,0.0118291
0.9900000000000001,0.208079,0.029624
1.1100000000000003,0.215545,-0.00576567
0.8700000000000001,0.181051,0.0460755
1.0900000000000003,0.242831,0.0200987
1.1500000000000001,0.276836,0.0111325
1.0100000000000002,0.252053,-0.014441
0.9700000000000001,0.269671,0.0448888
0.9900000000000001,0.300248,0.0386182
0.9900000000000001,0.310549,0.00343918
1.0100000000000002,0.331997,0.02821
0.9300000000000002,0.342741,-0.00546056
0.9500000000000002,0.363917,0.0158046
1.0100000000000002,0.392471,0.0314393
1.0700000000000003,0.378685,-0.0140086
0.8500000000000001,0.404203,0.00292581
0.9500000000000002,0.426556,0.0227111
0.81,0.436107,-0.00629393
0.9500000000000002,0.458823,0.0161423
1.0500000000000003,0.465837,-0.0152097
0.9900000000000001,0.485041,0.0391253
0.81,0.515513,0.030417
1.0100000000000002,0.490979,0.00780266
0.9300000000000002,0.525234,0.00213642
0.8900000000000001,0.547182,0.0249628
1.0500000000000003,0.579714,0.0139463
0.9700000000000001,0.556436,-0.00884777
0.9100000000000001,0.602543,0.0370343
1.0300000000000002,0.571732,0.047228
1.0900000000000003,0.637429,0.027171
1.0500000000000003,0.611981,0.00609957
0.9500000000000002,0.643601,-0.00458987
0.9900000000000001,0.671561,0.0176182
0.9900000000000001,0.703038,0.0107364
0.9100000000000001,0.675813,-0.0131592
1.0300000000000002,0.726585,0.0329998
0.9900000000000001,0.693689,0.0424169
0.9500000000000002,0.76197,0.0225283
1.0900000000000003,0.736876,0.000485655
0.9700000000000001,0.767423,-0.00838876
1.0300000000000002,0.792168,0.014459
1.0500000000000003,0.784937,0.0513176
1.1500000000000001,0.818019,0.0405887
1.0500000000000003,0.823653,0.00417728
1.0700000000000003,0.850467,0.0277363
0.9700000000000001,0.855815,-0.0046747
1.0900000000000003,0.884027,0.0187423
0.81,0.916123,0.0217563
0.8300000000000001,0.907802,-0.00415919
0.9100000000000001,0.969447,0.0240483
1.0700000000000003,0.974237,-0.0102999
1.1100000000000003,0.940712,0.00163375
1.0500000000000003,0.940816,0.0384311
1.1300000000000001,-0.00418647,0.0499903
1.1300000000000001,-0.00773549,0.0846276
1.0900000000000003,0.0253695,0.0733524
0.9500000000000002,0.0498114,0.0963159
1.0100000000000002,0.0195256,0.109418
0.9700000000000001,0.0563214,0.0601736
1.0900000000000003,0.0807472,0.0830792
1.0300000000000002,0.0916236,0.0497346
0.8500000000000001,0.107129,0.106116
1.0100000000000002,0.11245,0.0744466
0.8500000000000001,0.140255,0.0654903
0.9700000000000001,0.13809,0.0957772
1.1500000000000001,0.169741,0.0782124
1.0300000000000002,0.203556,0.0665739
0.8900000000000001,0.230629,0.0880122
1.1500000000000001,0.199462,0.100526
1.1300000000000001,0.236369,0.0539034
0.9900000000000001,0.260155,0.0778125
0.9100000000000001,0.292441,0.0678375
0.9900000000000001,0.284586,0.0986803
0.8500000000000001,0.255031,0.107947
1.0100000000000002,0.325262,0.0599025
0.8900000000000001,0.31588,0.0918195
1.0100000000000002,0.357543,0.0490453
1.2100000000000002,0.350509,0.0857577
1.0300000000000002,0.386553,0.0640624
0.81,0.381553,0.0941874
1.0100000000000002,0.419443,0.0530867
1.0100000000000002,0.411549,0.0852186
1.0100000000000002,0.452587,0.0463753
0.9900000000000001,0.443447,0.0778703
0.9900000000000001,0.477079,0.0720575
0.9300000000000002,0.465426,0.102351
0.8500000000000001,0.506447,0.06152
0.8500000000000001,0.497185,0.0955764
1.0900000000000003,0.527315,0.0863607
1.0300000000000002,0.536908,0.0541217
1.0300000000000002,0.561235,0.0786112
0.8900000000000001,0.593121,0.0721329
1.0700000000000003,0.582144,0.104798
1.0900000000000003,0.625576,0.0611257
1.0900000000000003,0.616542,0.0966287
1.1300000000000001,0.660363,0.0529179
1.0300000000000002,0.650612,0.0862727
0.9300000000000002,0.684604,0.0756825
1.0100000000000002,0.71335,0.10012
1.0500000000000003,0.716302,0.0671029
1.1100000000000003,0.67847,0.108773
1.1500000000000001,0.751715,0.0578098
0.9500000000000002,0.744571,0.0914755
0.9500000000000002,0.775355,0.0839783
0.9700000000000001,0.810537,0.0751239
0.9300000000000002,0.835661,0.0979923
1.0500000000000003,0.8432,0.0651952
1.0300000000000002,0.802137,0.105566
1.0100000000000002,0.876315,0.0563242
0.9100000000000001,0.866175,0.0903489
0.9900000000000001,0.900093,0.0813196
0.8900000000000001,0.906607,0.0495472
1.0500000000000003,0.923466,0.105158
1.0100000000000002,0.964172,0.0623225
1.1300000000000001,0.957749,0.0981809
1.0700000000000003,0.931092,0.072017
0.9700000000000001,-0.0137596,0.118408
0.9700000000000001,0.00994542,0.141606
1.0300000000000002,0.0433664,0.131203
0.9300000000000002,0.0344149,0.163545
1.0900000000000003,0.0756571,0.117568
0.9700000000000001,0.072276,0.150905
1.1300000000000001,0.103992,0.140142
0.9700000000000001,0.137715,0.127132
0.9900000000000001,0.133588,0.15992
1.0300000000000002,0.166318,0.114357
0.9300000000000002,0.163644,0.146668
0.9700000000000001,0.193887,0.135628
0.9300000000000002,0.227047,0.121807
1.0500000000000003,0.219691,0.155143
1.0500000000000003,0.188561,0.168276
1.0300000000000002,0.250335,0.141678
0.8700000000000001,0.278414,0.129465
1.0500000000000003,0.279835,0.161166
0.8500000000000001,0.305593,0.118739
0.9700000000000001,0.314243,0.146374
1.0500000000000003,0.336707,0.120575
1.0300000000000002,0.354412,0.149983
0.8900000000000001,0.369761,0.121479
0.8300000000000001,0.386101,0.148292
0.9900000000000001,0.400318,0.116387
1.1100000000000003,0.418836,0.142957
1.1100000000000003,0.433379,0.11028
0.8900000000000001,0.454915,0.135678
1.0700000000000003,0.475536,0.158311
1.0900000000000003,0.442676,0.166623
1.0700000000000003,0.48652,0.126146
0.9700000000000001,0.51238,0.150287
0.9700000000000001,0.519762,0.119949
0.9500000000000002,0.543684,0.140694
0.9100000000000001,0.551404,0.111244
0.9500000000000002,0.575312,0.136219
1.0300000000000002,0.608515,0.12991
0.9700000000000001,0.600686,0.160628
0.9900000000000001,0.567282,0.1672
1.1100000000000003,0.644556,0.12086
1.1100000000000003,0.633868,0.154829
1.0300000000000002,0.671051,0.143696
1.0100000000000002,0.663469,0.176052
1.1700000000000002,0.703537,0.134088
1.0100000000000002,0.730753,0.158286
1.0500000000000003,0.697173,0.1685
0.9500000000000002,0.768378,0.114295
0.9700000000000001,0.738334,0.123142
1.0900000000000003,0.762324,0.148231
1.0500000000000003,0.794258,0.13686
1.0900000000000003,0.787834,0.171935
1.1100000000000003,0.823474,0.162615
1.0300000000000002,0.827574,0.128036
0.9500000000000002,0.859566,0.121854
0.8300000000000001,0.854465,0.152064
1.0300000000000002,0.88998,0.112785
0.9700000000000001,0.882585,0.145648
1.0100000000000002,0.914391,0.136479
1.0100000000000002,0.90639,0.168986
1.1700000000000002,0.972978,0.148486
0.8700000000000001,0.945956,0.128757
0.9700000000000001,0.938266,0.159117
1.2100000000000002,0.00273972,0.177436
1.0700000000000003,-0.0126755,0.211853
1.0500000000000003,0.0310214,0.201002
0.9300000000000002,0.0377283,0.232044
1.0900000000000003,0.0623061,0.182563
0.8900000000000001,0.0616817,0.215436
0.9300000000000002,0.0961454,0.17244
1.0700000000000003,0.0926109,0.204451
1.0900000000000003,0.123588,0.191539
0.8900000000000001,0.157084,0.181811
0.9500000000000002,0.152326,0.213586
1.1700000000000002,0.120804,0.227402
0.9500000000000002,0.183081,0.201047
0.9900000000000001,0.211717,0.223577
1.0300000000000002,0.215273,0.189307
1.0700000000000003,0.246888,0.176147
0.9300000000000002,0.243198,0.209552
1.1300000000000001,0.274345,0.197079
0.9900000000000001,0.270215,0.231122
1.2300000000000002,0.309777,0.181817
1.0300000000000002,0.30058,0.217537
0.9300000000000002,0.333388,0.209546
0.9300000000000002,0.345441,0.180789
1.0300000000000002,0.377687,0.179585
1.1500000000000001,0.365394,0.21507
0.8900000000000001,0.39877,0.211971
0.9300000000000002,0.408989,0.174421
1.1700000000000002,0.431779,0.201856
1.0900000000000003,0.466663,0.192427
0.9900000000000001,0.4579,0.22585
1.0900000000000003,0.50167,0.181049
1.0500000000000003,0.49231,0.215608
1.0700000000000003,0.525223,0.208654
0.9900000000000001,0.536687,0.172415
1.0700000000000003,0.559194,0.201181
1.0900000000000003,0.593766,0.193059
1.0100000000000002,0.547895,0.233591
0.9700000000000001,0.582105,0.228105
1.1300000000000001,0.632743,0.191347
1.0300000000000002,0.613583,0.219826
1.0100000000000002,0.643947,0.227503
0.77,0.664184,0.20586
0.9300000000000002,0.691565,0.201248
0.8700000000000001,0.712273,0.223472
1.0500000000000003,0.722536,0.190053
1.1700000000000002,0.679285,0.235387
0.9100000000000001,0.754751,0.180884
1.0300000000000002,0.745909,0.214277
0.9300000000000002,0.778327,0.204051
1.0900000000000003,0.811799,0.197817
0.9300000000000002,0.836344,0.219982
1.0100000000000002,0.844605,0.189573
1.0100000000000002,0.80438,0.230383
1.0100000000000002,0.874818,0.178118
1.0100000000000002,0.869532,0.211757
0.9700000000000001,0.900585,0.201096
0.8500000000000001,0.924893,0.222688
1.0300000000000002,0.894067,0.233768
1.1900000000000002,0.963961,0.183984
0.9700000000000001,0.954207,0.217838
0.9500000000000002,0.930199,0.191457
1.0100000000000002,0.00592017,0.240561
0.9100000000000001,-0.00588623,0.270133
0.9900000000000001,0.0289933,0.262044
1.0100000000000002,0.0186627,0.292226
1.1100000000000003,0.0859309,0.237971
0.8300000000000001,0.0571533,0.253948
0.8700000000000001,0.0509427,0.282161
0.8900000000000001,0.0838416,0.270519
1.0700000000000003,0.108091,0.292118
0.8900000000000001,0.113492,0.258783
0.8300000000000001,0.15056,0.246989
1.0500000000000003,0.141693,0.277413
1.0900000000000003,0.180098,0.233393
1.0100000000000002,0.176054,0.268445
0.9300000000000002,0.205107,0.256884
1.0700000000000003,0.230227,0.277059
0.8500000000000001,0.198764,0.290832
1.0100000000000002,0.237434,0.242384
0.9900000000000001,0.264363,0.263737
1.0100000000000002,0.296494,0.250997
0.9700000000000001,0.292533,0.284455
0.9100000000000001,0.325046,0.238481
0.9500000000000002,0.32435,0.267116
1.1700000000000002,0.35423,0.251423
0.9500000000000002,0.349996,0.286302
0.9700000000000001,0.390436,0.242151
1.0300000000000002,0.382999,0.27646
1.0500000000000003,0.415215,0.267542
0.9700000000000001,0.42237,0.23461
0.9300000000000002,0.448111,0.255246
1.0100000000000002,0.482707,0.247646
1.0900000000000003,0.471391,0.279206
0.8900000000000001,0.438592,0.29052
0.9500000000000002,0.516006,0.240401
0.9700000000000001,0.50589,0.271673
1.0300000000000002,0.538443,0.265148
0.9900000000000001,0.527424,0.297158
1.0300000000000002,0.573059,0.259599
1.0300000000000002,0.607426,0.253441
1.0900000000000003,0.597292,0.287342
0.9900000000000001,0.560073,0.289276
0.77,0.625025,0.27741
0.9900000000000001,0.648311,0.258385
0.9500000000000002,0.650724,0.288994
1.0300000000000002,0.678766,0.27248
1.0500000000000003,0.7093,0.256926
0.9900000000000001,0.705027,0.291141
0.8300000000000001,0.735482,0.278767
1.0300000000000002,0.771502,0.23664
0.9700000000000001,0.74041,0.247295
0.9100000000000001,0.763965,0.269612
0.9500000000000002,0.793746,0.260109
0.9700000000000001,0.788325,0.292973
0.9500000000000002,0.828732,0.250796
0.9300000000000002,0.816638,0.280456
1.0900000000000003,0.862742,0.246084
0.9100000000000001,0.84534,0.275746
0.9900000000000001,0.875013,0.27808
1.0500000000000003,0.905563,0.264475
0.9100000000000001,0.89847,0.297126
1.0500000000000003,0.973509,0.245707
0.9700000000000001,0.963801,0.278289
1.1100000000000003,0.939631,0.252236
0.9900000000000001,0.930927,0.286824
0.9700000000000001,0.00994804,0.323687
1.0300000000000002,0.0428227,0.314182
1.0300000000000002,0.0343398,0.346166
0.9900000000000001,0.00235999,0.355485
1.0700000000000003,0.0757265,0.302803
1.0100000000000002,0.0690599,0.337034
1.0300000000000002,0.100458,0.326662
0.9300000000000002,0.0950429,0.360313
1.0500000000000003,0.134613,0.314209
1.1100000000000003,0.126159,0.34884
1.0300000000000002,0.167548,0.300312
0.9900000000000001,0.1602,0.334397
1.0900000000000003,0.194215,0.324214
1.0900000000000003,0.225745,0.312008
0.9300000000000002,0.216677,0.35324
1.0900000000000003,0.184377,0.358322
1.1300000000000001,0.260209,0.299178
1.2700000000000002,0.250446,0.340672
0.79,0.287669,0.312843
0.8900000000000001,0.284668,0.340306
0.9500000000000002,0.319503,0.298596
1.0100000000000002,0.315792,0.329604
0.9700000000000001,0.338882,0.351704
0.8700000000000001,0.346002,0.319627
0.9300000000000002,0.374493,0.308858
0.9100000000000001,0.369948,0.340832
0.9900000000000001,0.398513,0.330805
0.9300000000000002,0.407346,0.299793
0.9900000000000001,0.423162,0.353359
0.9900000000000001,0.43163,0.321733
0.9900000000000001,0.463151,0.312173
1.1500000000000001,0.456943,0.345581
0.9100000000000001,0.49581,0.301987
1.0100000000000002,0.48871,0.333361
0.9700000000000001,0.519667,0.327991
1.0500000000000003,0.511078,0.360678
0.9900000000000001,0.542229,0.352281
0.9700000000000001,0.551223,0.32033
1.0100000000000002,0.574011,0.343503
0.8900000000000001,0.580576,0.312651
0.9700000000000001,0.60279,0.333654
1.1900000000000002,0.627023,0.31087
1.1900000000000002,0.659638,0.3314
1.0300000000000002,0.628729,0.35035
0.81,0.676985,0.30309
1.0100000000000002,0.695872,0.325162
1.0500000000000003,0.729947,0.314374
1.0100000000000002,0.720604,0.34748
1.1100000000000003,0.686743,0.360221
0.9700000000000001,0.75821,0.29945
1.0500000000000003,0.758431,0.335015
0.77,0.786412,0.322152
0.8900000000000001,0.780759,0.358666
1.0300000000000002,0.816664,0.311945
1.0300000000000002,0.809642,0.344457
0.8900000000000001,0.839448,0.333615
1.0300000000000002,0.854566,0.306047
0.8500000000000001,0.86287,0.348278
1.0500000000000003,0.886881,0.327798
1.0500000000000003,0.921353,0.318738
1.0100000000000002,0.916165,0.351017
0.8700000000000001,0.887279,0.36001
1.0500000000000003,0.984833,0.302765
0.9500000000000002,0.979421,0.335776
0.9900000000000001,0.954292,0.311596
0.9900000000000001,0.94776,0.342941
1.0500000000000003,-0.00606201,0.389615
1.0900000000000003,0.0189561,0.413459
1.0500000000000003,0.0284344,0.379485
1.0500000000000003,-0.0143883,0.424802
1.0700000000000003,0.0624073,0.36924
1.0700000000000003,0.0549467,0.40341
1.0300000000000002,0.0873211,0.392053
0.9900000000000001,0.119454,0.382536
0.9900000000000001,0.14537,0.403639
0.9900000000000001,0.152084,0.371977
1.0900000000000003,0.112493,0.418028
0.9100000000000001,0.174945,0.394737
1.0300000000000002,0.209077,0.384974
0.81,0.230178,0.408084
1.1100000000000003,0.198152,0.417753
0.9100000000000001,0.238893,0.376002
1.1500000000000001,0.272791,0.371681
0.9700000000000001,0.260478,0.406138
0.9700000000000001,0.297855,0.396281
1.0100000000000002,0.307669,0.362253
1.0500000000000003,0.330857,0.38708
0.9100000000000001,0.356031,0.411065
1.0900000000000003,0.324182,0.420016
0.9500000000000002,0.391972,0.363326
1.0700000000000003,0.361673,0.375081
1.1300000000000001,0.385935,0.39972
1.0300000000000002,0.416468,0.386892
1.1300000000000001,0.449542,0.379221
0.8700000000000001,0.481095,0.369774
0.9300000000000002,0.473305,0.401965
1.0700000000000003,0.439903,0.411769
1.0100000000000002,0.504309,0.392322
0.9900000000000001,0.536832,0.383443
0.9700000000000001,0.529564,0.414422
0.9100000000000001,0.56718,0.374261
0.9900000000000001,0.561518,0.404161
0.9700000000000001,0.598827,0.365502
0.8900000000000001,0.596312,0.395819
0.9700000000000001,0.624103,0.384238
0.8900000000000001,0.650622,0.402079
0.9900000000000001,0.654397,0.37151
0.9700000000000001,0.623266,0.417284
0.9500000000000002,0.679333,0.394898
1.0900000000000003,0.715472,0.381409
1.1700000000000002,0.707523,0.416226
1.1100000000000003,0.748866,0.367996
1.1100000000000003,0.741686,0.404274
1.0700000000000003,0.775703,0.391442
0.9900000000000001,0.835951,0.365906
0.9500000000000002,0.807024,0.377337
1.0700000000000003,0.830236,0.399168
1.0300000000000002,0.801629,0.415571
1.1900000000000002,0.866231,0.386937
0.9300000000000002,0.90795,0.382804
1.1900000000000002,0.893864,0.414702
0.9900000000000001,0.971191,0.366792
0.9900000000000001,0.962036,0.398365
0.9500000000000002,0.939408,0.374372
1.0500000000000003,0.929151,0.408389
1.1100000000000003,0.0111109,0.45199
1.1300000000000001,0.0451581,0.437699
0.9100000000000001,0.0443195,0.469344
0.81,-0.00460783,0.480067
0.9100000000000001,0.0798208,0.426075
0.9900000000000001,0.0745144,0.459013
0.9900000000000001,0.107284,0.45148
1.0900000000000003,0.0966829,0.483641
0.81,0.136332,0.438863
0.9900000000000001,0.165378,0.428111
1.1300000000000001,0.161755,0.462694
1.0500000000000003,0.129762,0.475684
0.9100000000000001,0.192398,0.451068
1.0300000000000002,0.213732,0.475773
1.1900000000000002,0.22508,0.441649
0.9700000000000001,0.258138,0.438743
0.9500000000000002,0.247413,0.470249
1.1300000000000001,0.289038,0.428852
0.9500000000000002,0.278959,0.461232
0.9500000000000002,0.314391,0.452712
1.0500000000000003,0.339229,0.474428
0.8900000000000001,0.346423,0.442897
1.0300000000000002,0.304976,0.48283
0.9500000000000002,0.375565,0.434257
0.8700000000000001,0.370315,0.464169
1.0100000000000002,0.408655,0.424755
0.9500000000000002,0.399907,0.456132
0.9500000000000002,0.433342,0.446241
1.0100000000000002,0.458647,0.466496
1.0300000000000002,0.465218,0.433655
1.0300000000000002,0.425519,0.478439
1.0700000000000003,0.49704,0.42461
0.8900000000000001,0.489879,0.457338
1.0900000000000003,0.522294,0.447852
0.9900000000000001,0.548423,0.472756
0.9100000000000001,0.51832,0.480887
0.9500000000000002,0.589177,0.42484
1.0700000000000003,0.555403,0.437552
1.1100000000000003,0.582399,0.461852
1.0100000000000002,0.607132,0.484308
0.9700000000000001,0.614819,0.449665
1.0500000000000003,0.63778,0.472103
0.77,0.642931,0.442082
0.9900000000000001,0.669406,0.462328
1.1100000000000003,0.671276,0.427644
1.0900000000000003,0.700414,0.451782
1.0100000000000002,0.728492,0.473734
0.9700000000000001,0.695962,0.487032
1.1300000000000001,0.768486,0.427333
1.0100000000000002,0.735427,0.439348
1.0700000000000003,0.761705,0.463177
1.0500000000000003,0.795438,0.449251
0.8300000000000001,0.790812,0.482135
0.9500000000000002,0.825816,0.436435
0.9700000000000001,0.82011,0.472431
1.0100000000000002,0.857471,0.422979
1.1300000000000001,0.853157,0.457945
0.9500000000000002,0.887096,0.449506
0.9700000000000001,0.92075,0.440749
1.1100000000000003,0.912934,0.474436
1.0900000000000003,0.87812,0.482771
0.9500000000000002,0.976067,0.457881
1.0900000000000003,0.953478,0.435476
0.8700000000000001,0.94377,0.467616
0.8900000000000001,-0.00793997,0.510078
1.1900000000000002,0.0236101,0.495756
1.1300000000000001,0.0174893,0.532004
0.9100000000000001,0.0661444,0.491026
1.0100000000000002,0.0514363,0.520409
1.0500000000000003,0.0861744,0.516094
0.9700000000000001,0.110388,0.539838
0.9100000000000001,0.118148,0.508001
0.9500000000000002,0.154065,0.497592
1.0700000000000003,0.143237,0.528682
0.9100000000000001,0.184021,0.489236
0.8700000000000001,0.177495,0.520239
1.0900000000000003,0.209659,0.509563
0.9100000000000001,0.232066,0.534854
1.0700000000000003,0.200202,0.542761
1.0100000000000002,0.271133,0.493216
0.9500000000000002,0.240725,0.502343
1.0500000000000003,0.263044,0.526157
1.0300000000000002,0.295221,0.514763
1.1100000000000003,0.317935,0.5384
0.9300000000000002,0.330188,0.506042
0.9300000000000002,0.360434,0.498266
0.9100000000000001,0.351774,0.527644
1.0300000000000002,0.391997,0.489552
0.9300000000000002,0.383878,0.520428
0.9900000000000001,0.417219,0.511547
1.0700000000000003,0.411687,0.543964
1.0300000000000002,0.445765,0.533905
1.1700000000000002,0.452198,0.500523
0.9100000000000001,0.48611,0.48763
0.9500000000000002,0.479021,0.522739
1.0900000000000003,0.509291,0.510813
0.9100000000000001,0.543547,0.504374
1.0500000000000003,0.534792,0.536557
0.9300000000000002,0.57309,0.493148
1.0100000000000002,0.566496,0.526549
1.0900000000000003,0.598945,0.516908
1.0100000000000002,0.632768,0.505919
1.0700000000000003,0.663673,0.495394
1.0100000000000002,0.658928,0.528645
0.9900000000000001,0.625214,0.537507
0.9500000000000002,0.68992,0.518951
1.0100000000000002,0.721669,0.506161
0.9300000000000002,0.681609,0.55144
1.0300000000000002,0.713776,0.54261
0.9900000000000001,0.7552,0.495632
1.1500000000000001,0.746594,0.528
0.9900000000000001,0.781725,0.515188
0.9700000000000001,0.812774,0.503895
1.1900000000000002,0.838087,0.527647
1.0900000000000003,0.84588,0.493745
1.0700000000000003,0.80522,0.53902
1.0300000000000002,0.871317,0.518329
0.8300000000000001,0.895792,0.538096
0.9900000000000001,0.903632,0.50628
1.0300000000000002,0.966419,0.490617
0.9300000000000002,0.958575,0.523408
0.9100000000000001,0.934711,0.500236
1.0300000000000002,0.926477,0.531967
1.0100000000000002,0.985156,0.54171
1.0500000000000003,0.00974212,0.56591
1.0100000000000002,0.00312723,0.598847
0.9900000000000001,0.0435795,0.55578
1.1100000000000003,0.0368593,0.588609
1.0700000000000003,0.076597,0.54875
1.0300000000000002,0.0706755,0.581176
1.0100000000000002,0.101595,0.572097
0.9300000000000002,0.0958934,0.605728
1.1500000000000001,0.135698,0.563863
0.9900000000000001,0.125641,0.597258
1.0500000000000003,0.169048,0.553988
0.8700000000000001,0.161142,0.584891
0.9300000000000002,0.191491,0.576076
1.0500000000000003,0.223658,0.566805
1.0900000000000003,0.216401,0.598666
1.0100000000000002,0.183525,0.608661
1.0100000000000002,0.254861,0.558278
0.8700000000000001,0.248104,0.592378
0.9700000000000001,0.286375,0.549285
1.0300000000000002,0.27889,0.582491
0.9500000000000002,0.31102,0.572374
0.9700000000000001,0.335062,0.597652
1.2500000000000002,0.344407,0.563763
1.0300000000000002,0.303553,0.606256
1.0500000000000003,0.378807,0.552698
1.0500000000000003,0.373207,0.586997
1.0500000000000003,0.40474,0.57734
1.0900000000000003,0.438345,0.567568
1.0500000000000003,0.428547,0.601543
1.0500000000000003,0.471515,0.555028
1.0700000000000003,0.465523,0.589926
1.0100000000000002,0.503195,0.547518
0.8700000000000001,0.497795,0.580932
0.9700000000000001,0.52722,0.569093
0.9300000000000002,0.520551,0.600815
0.9900000000000001,0.561492,0.55962
1.0500000000000003,0.551811,0.592124
0.9900000000000001,0.586583,0.582456
0.9300000000000002,0.592793,0.550143
0.9100000000000001,0.610614,0.604528
1.0700000000000003,0.616725,0.570774
1.0500000000000003,0.648518,0.561704
1.0100000000000002,0.641649,0.59585
0.9300000000000002,0.673291,0.584602
1.0700000000000003,0.705097,0.574135
0.9700000000000001,0.730921,0.597312
0.9100000000000001,0.697831,0.605297
1.1100000000000003,0.774073,0.552332
1.0900000000000003,0.739236,0.563937
0.9900000000000001,0.766458,0.586321
0.9100000000000001,0.791776,0.60913
0.9700000000000001,0.798805,0.575807
1.0500000000000003,0.821681,0.598347
1.1300000000000001,0.832297,0.565361
0.81,0.855982,0.587908
1.0500000000000003,0.865869,0.551924
1.0100000000000002,0.887151,0.577102
1.0900000000000003,0.918063,0.565459
1.1100000000000003,0.912879,0.600332
1.0100000000000002,0.977206,0.576429
1.0300000000000002,0.952795,0.555962
1.0300000000000002,0.945692,0.588594
0.9900000000000001,0.97037,0.610262
1.0100000000000002,-0.00499027,0.630411
0.9900000000000001,-0.0148383,0.662361
1.1100000000000003,0.0183441,0.653336
1.0100000000000002,0.0290381,0.621655
0.9900000000000001,0.0629525,0.613537
0.9700000000000001,0.0525459,0.646204
0.9300000000000002,0.0848915,0.637148
1.0100000000000002,0.108393,0.659949
0.8700000000000001,0.0755544,0.666469
1.0100000000000002,0.15042,0.616947
0.9300000000000002,0.116461,0.628191
1.0100000000000002,0.140622,0.649835
0.9900000000000001,0.166042,0.672488
1.1100000000000003,0.174423,0.641613
0.9700000000000001,0.207805,0.633041
1.0700000000000003,0.229563,0.656486
0.79,0.197442,0.664368
1.0100000000000002,0.271302,0.614969
0.9700000000000001,0.239431,0.622751
1.0700000000000003,0.26284,0.649184
1.1300000000000001,0.29617,0.640689
0.9500000000000002,0.320838,0.662832
1.0100000000000002,0.329409,0.629832
1.0700000000000003,0.354985,0.652679
0.9300000000000002,0.395875,0.607974
1.0700000000000003,0.361792,0.618967
1.1300000000000001,0.390232,0.640536
0.9100000000000001,0.42292,0.633624
0.9500000000000002,0.415143,0.664657
1.1300000000000001,0.448866,0.654749
0.9500000000000002,0.455439,0.621797
1.0500000000000003,0.481135,0.642104
0.9500000000000002,0.489086,0.611386
1.0500000000000003,0.514397,0.633802
1.0700000000000003,0.546471,0.623872
1.1500000000000001,0.539799,0.658529
0.9100000000000001,0.506357,0.664073
1.0300000000000002,0.580206,0.614983
1.0500000000000003,0.573364,0.647768
0.9900000000000001,0.604549,0.638606
0.9900000000000001,0.596385,0.670628
0.9900000000000001,0.635591,0.628248
0.9900000000000001,0.629907,0.659308
1.0100000000000002,0.66695,0.616502
0.81,0.660833,0.646328
1.1100000000000003,0.693408,0.638558
0.9500000000000002,0.725696,0.629902
1.0100000000000002,0.689405,0.672518
0.9300000000000002,0.721007,0.662258
1.1300000000000001,0.757569,0.618008
1.0300000000000002,0.751133,0.652706
0.8900000000000001,0.782317,0.6409
1.0100000000000002,0.814261,0.631424
0.8300000000000001,0.81008,0.659319
1.1100000000000003,0.847466,0.620464
0.9300000000000002,0.839346,0.654812
1.0900000000000003,0.880292,0.609457
1.1100000000000003,0.875466,0.645998
1.0500000000000003,0.907863,0.635531
0.8900000000000001,0.89635,0.672369
0.9500000000000002,0.93784,0.621338
0.9900000000000001,0.960889,0.641556
1.0500000000000003,0.928042,0.663349
0.77,0.957016,0.670743
1.0900000000000003,0.00955721,0.687512
0.8900000000000001,-0.00155605,0.718167
0.8700000000000001,0.0412756,0.676582
1.0500000000000003,0.0329576,0.711301
1.1100000000000003,0.0661216,0.698459
1.0500000000000003,0.0910206,0.724441
1.0100000000000002,0.0998354,0.691617
0.9700000000000001,0.0578906,0.732177
1.0700000000000003,0.133857,0.684319
0.9500000000000002,0.123368,0.715598
1.0900000000000003,0.159452,0.708765
1.0700000000000003,0.19133,0.695903
1.0500000000000003,0.224926,0.690505
0.8700000000000001,0.181377,0.733633
1.2300000000000002,0.215251,0.725211
1.0900000000000003,0.258064,0.682781
0.9700000000000001,0.250216,0.717353
0.9100000000000001,0.290769,0.674557
1.0500000000000003,0.282331,0.706566
0.9500000000000002,0.313561,0.69383
1.0700000000000003,0.309134,0.728444
0.8500000000000001,0.346083,0.683579
1.0900000000000003,0.342583,0.715291
1.0300000000000002,0.381242,0.673694
0.9300000000000002,0.374513,0.705409
0.9900000000000001,0.405344,0.694587
1.0100000000000002,0.39898,0.726428
0.8300000000000001,0.442602,0.685539
1.0900000000000003,0.430703,0.716684
1.0300000000000002,0.476506,0.676404
1.0100000000000002,0.465659,0.706724
0.9300000000000002,0.503866,0.697122
0.8300000000000001,0.525761,0.719525
0.8900000000000001,0.53365,0.69168
1.0700000000000003,0.493363,0.728776
0.9500000000000002,0.565349,0.680191
0.8500000000000001,0.556908,0.709921
0.8900000000000001,0.587938,0.701313
1.0300000000000002,0.581566,0.732143
0.9300000000000002,0.621252,0.690045
1.0500000000000003,0.614339,0.7226
1.2500000000000002,0.647429,0.712231
1.0100000000000002,0.658083,0.677258
1.0300000000000002,0.681558,0.704949
1.0500000000000003,0.714806,0.69526
1.0900000000000003,0.705963,0.728596
1.0100000000000002,0.7463,0.684841
1.0700000000000003,0.740525,0.718008
1.0500000000000003,0.7728,0.708765
1.1700000000000002,0.781183,0.674515
0.9300000000000002,0.804471,0.70159
1.0300000000000002,0.829395,0.684087
1.0900000000000003,0.831262,0.723258
0.7300000000000001,0.852731,0.702518
1.0900000000000003,0.798149,0.732793
1.0100000000000002,0.862396,0.676463
1.0300000000000002,0.88259,0.701572
0.9700000000000001,0.915272,0.69743
0.9100000000000001,0.866519,0.72987
1.0100000000000002,0.89804,0.732126
0.8900000000000001,0.977439,0.692434
1.1100000000000003,0.965192,0.721899
0.8700000000000001,0.944924,0.696633
0.9700000000000001,0.929887,0.728073
0.9300000000000002,0.0216496,0.742056
0.9500000000000002,-0.0115657,0.745455
0.9100000000000001,0.00877396,0.769428
1.0100000000000002,0.0466991,0.762019
1.1100000000000003,0.0333362,0.792649
1.0100000000000002,0.0701633,0.78722
1.0900000000000003,0.0821246,0.757073
0.8700000000000001,0.105467,0.782177
1.0700000000000003,0.148769,0.741722
1.0300000000000002,0.11535,0.748318
0.9900000000000001,0.135922,0.773283
0.8500000000000001,0.172853,0.763904
0.9500000000000002,0.202512,0.75792
0.9300000000000002,0.192117,0.787739
1.1300000000000001,0.228065,0.780441
0.9700000000000001,0.275174,0.74012
0.9700000000000001,0.243358,0.74894
0.9700000000000001,0.26759,0.771128
0.9700000000000001,0.300612,0.760135
0.9100000000000001,0.303588,0.79066
0.8300000000000001,0.335968,0.746262
1.0900000000000003,0.331598,0.776759
1.0700000000000003,0.36693,0.73941
0.8900000000000001,0.363799,0.770824
0.9300000000000002,0.394526,0.759816
0.9900000000000001,0.42212,0.780138
0.9900000000000001,0.391125,0.789905
1.1700000000000002,0.457192,0.7414
0.9900000000000001,0.423882,0.749164
0.9500000000000002,0.453359,0.775933
1.0900000000000003,0.48594,0.763395
1.1100000000000003,0.519991,0.754917
0.9100000000000001,0.541925,0.779552
1.0700000000000003,0.51011,0.789558
1.0300000000000002,0.550601,0.740137
0.9900000000000001,0.572439,0.767941
1.1500000000000001,0.606012,0.758189
1.0700000000000003,0.597883,0.792848
1.0300000000000002,0.632237,0.783901
1.0300000000000002,0.63955,0.749011
1.0100000000000002,0.664249,0.770307
0.9700000000000001,0.672305,0.738862
1.0300000000000002,0.696277,0.763256
1.1700000000000002,0.731059,0.756307
1.0300000000000002,0.690592,0.795017
0.9700000000000001,0.723572,0.788807
0.9700000000000001,0.764836,0.742263
0.8500000000000001,0.758355,0.778426
1.0300000000000002,0.787225,0.765907
0.9100000000000001,0.819646,0.757924
0.79,0.846945,0.749671
0.9900000000000001,0.84555,0.778094
1.0900000000000003,0.813331,0.791214
1.1100000000000003,0.878908,0.762856
1.0100000000000002,0.917696,0.759032
1.0300000000000002,0.903275,0.788768
0.9700000000000001,0.976155,0.77634
1.0700000000000003,0.951615,0.754258
1.0900000000000003,0.936873,0.786903
1.0100000000000002,-0.00140252,0.800455
1.2500000000000002,-0.00916364,0.835681
0.9700000000000001,0.0248278,0.825742
1.1300000000000001,0.0462628,0.853461
1.0900000000000003,0.058861,0.820193
0.9900000000000001,0.0924619,0.811449
0.9500000000000002,0.081839,0.84531
0.9700000000000001,0.125594,0.805398
1.0700000000000003,0.113939,0.836816
0.9500000000000002,0.147416,0.829994
1.1900000000000002,0.159752,0.797246
0.9500000000000002,0.170564,0.856318
0.9100000000000001,0.178632,0.825894
1.1300000000000001,0.210454,0.81593
0.9700000000000001,0.233362,0.840647
1.0700000000000003,0.203011,0.849891
0.9500000000000002,0.243507,0.810055
0.9100000000000001,0.273773,0.802341
1.0500000000000003,0.265322,0.833952
1.1100000000000003,0.299019,0.823004
0.9500000000000002,0.288852,0.858489
0.8500000000000001,0.319371,0.850636
0.9300000000000002,0.328967,0.81051
1.0500000000000003,0.360194,0.802337
1.1300000000000001,0.350883,0.836287
0.9500000000000002,0.384197,0.824882
1.0500000000000003,0.41714,0.813687
0.9500000000000002,0.408914,0.8455
0.8700000000000001,0.450252,0.805778
0.9900000000000001,0.44086,0.83614
0.9100000000000001,0.477835,0.796014
1.0500000000000003,0.47413,0.828025
0.81,0.505292,0.821425
0.9700000000000001,0.527346,0.842388
0.9500000000000002,0.534849,0.811854
1.0100000000000002,0.496014,0.851799
1.0100000000000002,0.565212,0.800972
1.0300000000000002,0.559343,0.833429
1.0700000000000003,0.593082,0.825114
1.0100000000000002,0.58557,0.856827
0.9500000000000002,0.625456,0.815918
0.8700000000000001,0.621909,0.845883
0.9100000000000001,0.650963,0.837672
1.0500000000000003,0.659011,0.805992
0.9700000000000001,0.683619,0.829077
0.9700000000000001,0.716921,0.819487
1.1100000000000003,0.709827,0.852507
0.9900000000000001,0.748286,0.811079
0.9700000000000001,0.740925,0.844485
1.1500000000000001,0.774793,0.834022
1.0700000000000003,0.780872,0.799933
0.9100000000000001,0.808471,0.825134
1.0300000000000002,0.839521,0.813549
0.8700000000000001,0.828199,0.845296
0.8700000000000001,0.798447,0.855908
1.0900000000000003,0.87108,0.798479
1.0300000000000002,0.864807,0.835512
1.0700000000000003,0.896873,0.824585
1.0500000000000003,0.918192,0.851809
1.1500000000000001,0.963565,0.808274
1.2300000000000002,0.952281,0.843949
0.8900000000000001,0.927771,0.819334
1.0500000000000003,0.0120654,0.866447
0.9100000000000001,-0.00180987,0.895241
0.9900000000000001,0.0392022,0.885854
1.0700000000000003,0.0231368,0.915083
0.9300000000000002,0.0724111,0.876676
0.9900000000000001,0.0620221,0.906461
0.8700000000000001,0.104805,0.868002
1.0500000000000003,0.0946481,0.899897
1.0500000000000003,0.137024,0.860551
1.0100000000000002,0.125728,0.891998
1.0300000000000002,0.160252,0.886181
1.1300000000000001,0.145483,0.920947
0.9500000000000002,0.193577,0.88254
0.8700000000000001,0.224172,0.875799
1.1100000000000003,0.218264,0.908272
1.1900000000000002,0.182751,0.916135
1.0500000000000003,0.256411,0.865286
0.9700000000000001,0.248348,0.895974
0.8700000000000001,0.280467,0.887569
1.1300000000000001,0.270181,0.9216
0.8900000000000001,0.311221,0.879068
1.0700000000000003,0.303731,0.910961
1.0100000000000002,0.343046,0.87083
0.9700000000000001,0.335123,0.902069
1.0100000000000002,0.376854,0.859157
1.0500000000000003,0.368049,0.892053
1.0900000000000003,0.400801,0.882337
0.9500000000000002,0.420989,0.907353
0.9100000000000001,0.390895,0.918386
0.9900000000000001,0.432429,0.868019
0.9700000000000001,0.463924,0.859663
1.2100000000000002,0.452797,0.897091
0.9500000000000002,0.480021,0.919786
1.1100000000000003,0.486732,0.88493
1.0500000000000003,0.512448,0.909939
1.0100000000000002,0.520271,0.875898
0.9700000000000001,0.543999,0.899574
1.0100000000000002,0.552475,0.865745
1.0900000000000003,0.577605,0.888629
1.1300000000000001,0.612361,0.879779
1.1300000000000001,0.602023,0.916029
0.9500000000000002,0.6438,0.869443
1.0300000000000002,0.636251,0.905116
1.0300000000000002,0.667332,0.894211
0.9900000000000001,0.674365,0.861054
1.1500000000000001,0.700666,0.885787
1.0100000000000002,0.734567,0.877792
0.8700000000000001,0.727049,0.910065
0.9900000000000001,0.693277,0.918555
0.9500000000000002,0.763902,0.86753
0.9900000000000001,0.75867,0.901489
1.0500000000000003,0.79038,0.888156
0.9900000000000001,0.822633,0.879868
1.0700000000000003,0.854957,0.869289
0.9900000000000001,0.846316,0.902688
0.9900000000000001,0.813829,0.911167
0.9700000000000001,0.888081,0.860259
1.0300000000000002,0.879776,0.894154
0.8700000000000001,0.911605,0.884406
0.9300000000000002,0.906264,0.914841
0.9500000000000002,0.977883,0.871124
0.9700000000000001,0.968559,0.902403
1.0500000000000003,0.943839,0.881004
0.77,0.936328,0.911025
1.0700000000000003,0.00796772,0.980491
0.9900000000000001,-0.00901542,0.926685
0.9900000000000001,0.0168803,0.948744
1.0900000000000003,0.0422827,0.971599
0.81,0.089743,0.982422
0.9900000000000001,0.083318,0.930573
1.1300000000000001,0.0492242,0.938045
0.8500000000000001,0.0737411,0.960609
0.8700000000000001,0.103041,0.956462
0.9900000000000001,0.118681,0.984498
0.8700000000000001,0.154998,0.981606
0.9700000000000001,0.114254,0.926649
1.0900000000000003,0.134579,0.954988
0.9500000000000002,0.168188,0.9492
0.9900000000000001,0.186312,0.976105
1.1300000000000001,0.204261,0.94563
0.79,0.22948,0.965251
0.9500000000000002,0.237744,0.937443
0.9900000000000001,0.264631,0.955961
1.0500000000000003,0.29714,0.946093
0.9900000000000001,0.285996,0.978721
0.9700000000000001,0.318365,0.972353
1.0100000000000002,0.328843,0.935294
1.0500000000000003,0.360115,0.925433
1.1900000000000002,0.352436,0.961939
1.0300000000000002,0.386209,0.950136
1.0100000000000002,0.418485,0.93907
0.9500000000000002,0.409524,0.973468
0.9500000000000002,0.448913,0.931506
0.9500000000000002,0.439357,0.963457
0.9500000000000002,0.469768,0.953225
1.0700000000000003,0.501931,0.943795
0.9700000000000001,0.496225,0.976521
1.2100000000000002,0.529769,0.968177
0.9300000000000002,0.536794,0.933105
0.9100000000000001,0.588649,0.981589
1.0900000000000003,0.567977,0.92281
1.1300000000000001,0.56585,0.958011
0.9100000000000001,0.597124,0.949091
1.0500000000000003,0.628101,0.938412
0.9900000000000001,0.618807,0.972163
1.0500000000000003,0.651561,0.963479
0.9300000000000002,0.660573,0.927704
1.1500000000000001,0.683776,0.952833
1.0900000000000003,0.710429,0.977018
0.9900000000000001,0.718807,0.94212
0.9700000000000001,0.75006,0.932378
0.9700000000000001,0.744215,0.965299
0.8700000000000001,0.772567,0.955777
1.1300000000000001,0.7832,0.924312
0.9700000000000001,0.796273,0.980364
0.9300000000000002,0.804016,0.949167
0.9900000000000001,0.835624,0.936497
1.0300000000000002,0.829231,0.971075
0.8700000000000001,0.884426,0.982975
0.9300000000000002,0.872682,0.925382
1.1100000000000003,0.861793,0.960638
1.1300000000000001,0.895378,0.948582
0.9300000000000002,0.920032,0.970693
0.9700000000000001,0.982653,0.957267
0.9500000000000002,0.958235,0.93329
0.9700000000000001,0.928064,0.938284
0.9900000000000001,0.950457,0.96547
sigma, x , y
0.9300000000000002,0.0175428,0.016423
0.8900000000000001,0.0446629,0.0326086
0.9300000000000002,0.0180212,0.0456537
0.81,0.0483559,0.0631885
0.9700000000000001,-0.0087954,0.0614298
1.1100000000000003,0.0714625,0.0129749
0.9700000000000001,0.102028,0.0272742
1.0100000000000002,0.0741613,0.0455854
0.8900000000000001,0.102462,0.0605523
1.0300000000000002,0.13108,0.011412
0.8700000000000001,0.157507,0.0263837
0.9500000000000002,0.12916,0.0473572
1.0500000000000003,0.159918,0.0579157
1.0500000000000003,0.185721,0.00530939
0.9700000000000001,0.189117,0.0382392
0.8500000000000001,0.215619,0.0204262
1.0100000000000002,0.217355,0.052868
1.0100000000000002,0.246519,0.00175718
1.0500000000000003,0.247254,0.0339477
0.9100000000000001,0.275079,0.0169986
1.0900000000000003,0.280707,0.05069
0.9900000000000001,0.306635,0.0289317
0.9700000000000001,0.334584,0.0122723
1.1700000000000002,0.337651,0.0465218
1.0100000000000002,0.3648,0.0243164
0.9300000000000002,0.393731,0.00953585
1.0300000000000002,0.420982,0.0278615
1.0100000000000002,0.391137,0.041676
0.8500000000000001,0.366447,0.0625575
1.1100000000000003,0.428516,0.0615681
0.8300000000000001,0.445009,0.00817319
1.0300000000000002,0.475217,0.00457538
0.9700000000000001,0.453779,0.0363659
1.0300000000000002,0.48592,0.0382021
1.1100000000000003,0.509562,0.00565691
0.9500000000000002,0.542092,0.0154103
1.1300000000000001,0.521002,0.0404794
1.0700000000000003,0.557405,0.0482219
0.9700000000000001,0.575723,0.0209071
0.9700000000000001,0.607541,0.0237806
0.9500000000000002,0.592677,0.0518902
1.0700000000000003,0.66289,0.0128437
0.9100000000000001,0.635921,0.0308686
0.9100000000000001,0.662501,0.0464042
1.2100000000000002,0.628797,0.0629965
0.8900000000000001,0.721963,0.00863064
1.0100000000000002,0.693077,0.0285819
1.0900000000000003,0.721924,0.0443642
1.0900000000000003,0.690999,0.0626926
1.0700000000000003,0.753511,0.0275245
1.1700000000000002,0.783616,0.00847624
0.9500000000000002,0.783347,0.0460171
1.0500000000000003,0.752758,0.0619318
1.0900000000000003,0.812773,0.029923
1.0500000000000003,0.842372,0.0131845
1.0100000000000002,0.845889,0.0461198
1.0100000000000002,0.815228,0.0650838
0.8900000000000001,0.871282,0.0267913
1.0700000000000003,0.901405,0.00994936
0.9300000000000002,0.929438,0.0275084
1.0500000000000003,0.900746,0.0434992
1.1100000000000003,0.874162,0.0646492
0.9100000000000001,0.956353,0.0117485
1.0700000000000003,0.98608,0.0296981
0.9100000000000001,0.955135,0.0433716
1.0900000000000003,0.926981,0.0655549
1.0300000000000002,0.0196832,0.0772648
0.9100000000000001,0.0459483,0.0939876
1.0700000000000003,0.0176419,0.111124
1.0300000000000002,0.0468817,0.126811
0.9900000000000001,0.0755685,0.0786296
1.0300000000000002,0.106016,0.0918123
1.0700000000000003,0.0780982,0.110381
0.81,0.134415,0.0765173
0.9300000000000002,0.161937,0.0923175
1.0300000000000002,0.136113,0.111078
1.1100000000000003,0.16645,0.131683
1.0700000000000003,0.190301,0.0726109
1.0300000000000002,0.222227,0.0887463
1.1100000000000003,0.193051,0.108152
0.9700000000000001,0.226659,0.121839
1.1700000000000002,0.250719,0.0678276
0.8700000000000001,0.250614,0.102013
1.0500000000000003,0.280691,0.086357
0.79,0.286425,0.115569
0.9900000000000001,0.308956,0.0663697
0.9700000000000001,0.311887,0.0993782
0.9700000000000001,0.340895,0.0815783
1.0100000000000002,0.342364,0.113328
1.0100000000000002,0.373126,0.0973343
0.9500000000000002,0.395709,0.0741548
0.8900000000000001,0.417553,0.0948278
0.9700000000000001,0.39743,0.117276
1.1300000000000001,0.465359,0.0684462
1.0300000000000002,0.447057,0.0970817
1.0100000000000002,0.481975,0.100008
0.9900000000000001,0.501091,0.0684411
1.0500000000000003,0.534671,0.0722722
1.0900000000000003,0.514058,0.10205
1.0300000000000002,0.548138,0.106661
0.9300000000000002,0.567084,0.080752
1.0700000000000003,0.599387,0.084226
0.9300000000000002,0.579436,0.111843
0.9100000000000001,0.607062,0.115525
1.0900000000000003,0.661003,0.0809574
0.8900000000000001,0.633947,0.100454
0.9500000000000002,0.66046,0.116674
0.9700000000000001,0.690747,0.0975984
1.1700000000000002,0.722191,0.0797503
1.1300000000000001,0.721597,0.115635
0.9900000000000001,0.753602,0.0976696
1.1900000000000002,0.783104,0.0792326
1.0700000000000003,0.783432,0.11623
1.0300000000000002,0.812734,0.0999868
1.0100000000000002,0.84353,0.0829563
1.1100000000000003,0.843582,0.116909
1.0100000000000002,0.873469,0.0999539
0.8500000000000001,0.901109,0.081841
0.9100000000000001,0.927343,0.0975966
0.9700000000000001,0.901165,0.114424
1.0900000000000003,0.961715,0.0741334
0.9300000000000002,0.988259,0.0928005
1.2500000000000002,0.95871,0.111841
0.9700000000000001,0.989233,0.129988
0.9700000000000001,0.0182228,0.145773
0.9700000000000001,0.0485868,0.160123
1.0900000000000003,0.0188026,0.179548
0.9300000000000002,0.107478,0.126979
0.9700000000000001,0.0787039,0.14295
0.9500000000000002,0.108943,0.161201
1.0900000000000003,0.0768118,0.176135
0.9500000000000002,0.135486,0.143524
1.0300000000000002,0.141425,0.174072
0.8900000000000001,0.173432,0.162527
1.0500000000000003,0.199861,0.144512
1.0900000000000003,0.231906,0.156193
0.9900000000000001,0.203322,0.177951
1.0500000000000003,0.236461,0.190111
1.0700000000000003,0.260043,0.132459
0.8500000000000001,0.287891,0.147642
0.9500000000000002,0.264011,0.166907
1.0700000000000003,0.297609,0.178778
1.0300000000000002,0.313788,0.131967
0.8500000000000001,0.342959,0.143716
0.8700000000000001,0.322808,0.163052
1.1500000000000001,0.365916,0.166575
0.9500000000000002,0.37045,0.131156
1.0900000000000003,0.399604,0.151687
1.0700000000000003,0.428749,0.129589
0.8900000000000001,0.424755,0.17196
1.0300000000000002,0.396301,0.186525
1.1100000000000003,0.464665,0.12982
0.8500000000000001,0.447284,0.156667
1.0900000000000003,0.477831,0.163895
0.9500000000000002,0.453445,0.185665
0.8700000000000001,0.497279,0.127279
0.9100000000000001,0.52789,0.131685
0.8900000000000001,0.507591,0.153286
1.0300000000000002,0.536141,0.161742
0.8300000000000001,0.505584,0.18386
1.0500000000000003,0.560191,0.137817
1.1700000000000002,0.597019,0.147016
1.0100000000000002,0.571147,0.172438
0.8900000000000001,0.601517,0.187983
1.1100000000000003,0.628017,0.168895
0.9100000000000001,0.62865,0.134933
1.1500000000000001,0.660136,0.151052
1.0500000000000003,0.66485,0.18599
1.0500000000000003,0.690956,0.131462
0.9700000000000001,0.72061,0.150604
1.0300000000000002,0.691629,0.166667
1.0100000000000002,0.720544,0.187638
1.0900000000000003,0.752381,0.133325
1.1500000000000001,0.781208,0.15265
1.0900000000000003,0.750018,0.169191
0.9500000000000002,0.781286,0.186419
0.9700000000000001,0.811582,0.134296
0.9500000000000002,0.843583,0.149979
1.1300000000000001,0.813892,0.168728
0.9100000000000001,0.844963,0.180859
0.9500000000000002,0.871615,0.132173
0.9500000000000002,0.872564,0.163819
0.9500000000000002,0.928741,0.129914
0.9500000000000002,0.900002,0.146793
1.0100000000000002,0.927919,0.16086
0.9700000000000001,0.900331,0.17946
0.9700000000000001,0.959101,0.146992
1.0100000000000002,0.988611,0.162099
0.9500000000000002,0.959097,0.178768
0.9900000000000001,0.0485159,0.194103
0.8900000000000001,0.0170267,0.212862
1.1100000000000003,0.0456079,0.227695
0.9300000000000002,0.0174157,0.248003
0.8900000000000001,0.105937,0.191044
1.0900000000000003,0.075983,0.210593
1.1100000000000003,0.106626,0.226035
0.9500000000000002,0.0781548,0.243636
1.0500000000000003,0.174393,0.194886
0.9500000000000002,0.132655,0.204903
0.9300000000000002,0.158324,0.22293
0.9100000000000001,0.135153,0.241816
0.9900000000000001,0.18756,0.22689
0.81,0.208173,0.207435
1.0700000000000003,0.21859,0.236693
0.9700000000000001,0.24872,0.223251
1.0700000000000003,0.271996,0.200702
0.9700000000000001,0.303983,0.212567
0.9500000000000002,0.280677,0.233445
0.9500000000000002,0.252257,0.252952
0.9100000000000001,0.309515,0.243509
1.0700000000000003,0.333243,0.192326
1.1300000000000001,0.365639,0.205238
1.0700000000000003,0.337041,0.226762
0.9100000000000001,0.367836,0.24038
1.0100000000000002,0.42605,0.20368
1.0700000000000003,0.396799,0.220968
1.0100000000000002,0.425598,0.23748
0.9100000000000001,0.482503,0.199686
0.9900000000000001,0.455376,0.21839
1.0500000000000003,0.48465,0.233108
0.9900000000000001,0.538446,0.195121
0.9300000000000002,0.510725,0.212689
1.0900000000000003,0.539831,0.229829
1.0100000000000002,0.513032,0.250142
1.1300000000000001,0.572396,0.206406
1.0700000000000003,0.603916,0.222527
1.0900000000000003,0.572444,0.242056
1.1100000000000003,0.633499,0.203714
1.1100000000000003,0.666568,0.22218
1.0300000000000002,0.636378,0.240264
0.9100000000000001,0.694617,0.203969
0.8300000000000001,0.722334,0.220104
0.9500000000000002,0.696801,0.237878
0.9900000000000001,0.75059,0.203011
1.0300000000000002,0.751681,0.236825
1.0900000000000003,0.78093,0.218921
1.0100000000000002,0.811152,0.202484
1.0100000000000002,0.811059,0.233837
1.0900000000000003,0.841566,0.215695
1.0500000000000003,0.84177,0.250376
1.0100000000000002,0.871331,0.197758
0.9100000000000001,0.871183,0.231863
0.9100000000000001,0.899631,0.213809
1.0500000000000003,0.90006,0.249766
1.1100000000000003,0.929698,0.195141
1.0700000000000003,0.928774,0.231374
1.1300000000000001,0.988987,0.197217
1.0100000000000002,0.958918,0.214363
0.9500000000000002,0.990621,0.232521
0.9700000000000001,0.96032,0.248059
0.9500000000000002,0.0222469,0.279107
1.0100000000000002,0.0507286,0.261996
0.9500000000000002,0.0514957,0.295131
0.8900000000000001,0.0243572,0.310983
1.0900000000000003,0.0807102,0.274854
0.8300000000000001,0.108567,0.258091
0.9700000000000001,0.110892,0.290076
1.0700000000000003,0.0825597,0.308924
0.81,0.161226,0.253752
0.9900000000000001,0.137439,0.272525
0.8500000000000001,0.164864,0.281954
0.9900000000000001,0.14311,0.303667
0.9900000000000001,0.189264,0.259295
1.1300000000000001,0.222129,0.271178
1.1300000000000001,0.194886,0.295331
1.1300000000000001,0.230826,0.306742
0.9300000000000002,0.28538,0.263276
1.0100000000000002,0.259089,0.284992
1.0300000000000002,0.28925,0.29598
0.9700000000000001,0.31392,0.274007
0.8500000000000001,0.338878,0.257457
1.0700000000000003,0.368682,0.27364
0.9500000000000002,0.340667,0.289384
0.7500000000000001,0.317683,0.304634
1.0900000000000003,0.368317,0.309547
1.0300000000000002,0.397626,0.255355
0.9900000000000001,0.427021,0.273887
0.9900000000000001,0.399132,0.290297
0.9100000000000001,0.429305,0.306313
1.1300000000000001,0.454993,0.253988
0.9500000000000002,0.48527,0.268976
1.0300000000000002,0.457692,0.289629
1.0700000000000003,0.489197,0.302394
0.9900000000000001,0.545085,0.263701
1.0900000000000003,0.5178,0.283046
0.9700000000000001,0.546953,0.299011
1.1300000000000001,0.606603,0.258296
1.0300000000000002,0.576778,0.276549
1.0900000000000003,0.608673,0.292745
1.0700000000000003,0.57821,0.31018
1.0500000000000003,0.668944,0.256655
1.0500000000000003,0.64174,0.27688
0.8700000000000001,0.67149,0.292321
0.9300000000000002,0.636351,0.308695
1.0100000000000002,0.723531,0.254081
0.9500000000000002,0.696299,0.273592
0.9500000000000002,0.725161,0.28731
0.8900000000000001,0.697144,0.3054
1.0300000000000002,0.753532,0.270358
1.0300000000000002,0.783428,0.251983
0.9300000000000002,0.784078,0.283583
0.9300000000000002,0.754418,0.30294
0.9900000000000001,0.812988,0.267747
0.9300000000000002,0.815907,0.301488
1.0300000000000002,0.842137,0.284043
1.1100000000000003,0.871597,0.267079
1.0300000000000002,0.872612,0.301045
0.9700000000000001,0.929456,0.264104
0.8900000000000001,0.901263,0.284043
1.0500000000000003,0.930736,0.297075
0.9100000000000001,0.989426,0.263881
1.1100000000000003,0.96144,0.281649
1.0700000000000003,0.993846,0.295
0.9100000000000001,0.964694,0.313924
1.0700000000000003,0.0548227,0.32873
1.0900000000000003,0.0248374,0.344512
1.0300000000000002,0.0564143,0.362383
1.1700000000000002,-0.00323408,0.36486
1.1100000000000003,0.113851,0.323421
0.9500000000000002,0.0849837,0.344589
0.9900000000000001,0.11513,0.35815
1.0100000000000002,0.0867485,0.377782
1.0100000000000002,0.173239,0.319493
1.1300000000000001,0.145564,0.339306
1.0900000000000003,0.178219,0.35595
0.9900000000000001,0.141937,0.373
1.0900000000000003,0.20522,0.330666
0.9500000000000002,0.240315,0.340411
1.0500000000000003,0.213868,0.365042
0.9900000000000001,0.265517,0.318287
1.0100000000000002,0.301395,0.328565
0.9500000000000002,0.272486,0.350234
0.8500000000000001,0.301948,0.358691
0.8300000000000001,0.246825,0.368711
1.0900000000000003,0.336834,0.32859
1.0100000000000002,0.366091,0.345617
1.2100000000000002,0.335394,0.365112
1.2300000000000002,0.399622,0.328708
0.9100000000000001,0.405781,0.362823
1.0700000000000003,0.435379,0.3418
0.9500000000000002,0.463658,0.322289
1.0100000000000002,0.495929,0.337009
1.1100000000000003,0.467415,0.356571
1.0900000000000003,0.437079,0.376884
0.9900000000000001,0.499691,0.37121
0.9500000000000002,0.519349,0.316863
0.9300000000000002,0.549544,0.331824
0.9300000000000002,0.524366,0.349863
0.8900000000000001,0.550008,0.364647
1.0100000000000002,0.608721,0.327311
1.0300000000000002,0.578636,0.345083
1.0500000000000003,0.609921,0.360597
1.0500000000000003,0.665818,0.323301
0.9700000000000001,0.638788,0.342442
1.0500000000000003,0.668458,0.357651
1.0100000000000002,0.727127,0.320466
1.0900000000000003,0.697805,0.340043
0.9900000000000001,0.729751,0.353785
0.8700000000000001,0.699359,0.375635
1.1700000000000002,0.78499,0.317464
0.9300000000000002,0.756444,0.335074
1.0700000000000003,0.785452,0.353355
0.9100000000000001,0.758156,0.368544
1.0100000000000002,0.842952,0.317081
0.9100000000000001,0.814826,0.336091
1.1300000000000001,0.843686,0.351323
0.9500000000000002,0.815805,0.369123
1.0300000000000002,0.87359,0.334897
0.9300000000000002,0.902731,0.316955
1.1100000000000003,0.904233,0.349182
0.8700000000000001,0.935843,0.364098
1.0700000000000003,0.87514,0.36941
1.1100000000000003,0.935506,0.330975
0.9900000000000001,0.995532,0.328869
1.0300000000000002,0.965065,0.346412
0.9500000000000002,0.0276402,0.380802
1.0700000000000003,0.0276282,0.416667
0.8900000000000001,-0.000402152,0.399486
1.1300000000000001,-0.00296048,0.43852
1.0900000000000003,0.0570934,0.396753
1.0300000000000002,0.114239,0.393491
0.9900000000000001,0.0882151,0.41296
0.8700000000000001,0.118175,0.426048
0.9900000000000001,0.0607098,0.429968
0.8500000000000001,0.168043,0.385535
0.9100000000000001,0.144817,0.404634
0.9700000000000001,0.172227,0.414837
0.9300000000000002,0.148611,0.435528
0.9500000000000002,0.195472,0.391731
1.1300000000000001,0.229546,0.396179
0.9900000000000001,0.204629,0.424139
0.9500000000000002,0.235026,0.431213
1.0900000000000003,0.275621,0.383461
0.9300000000000002,0.260433,0.411946
0.9100000000000001,0.290231,0.420251
1.1300000000000001,0.309785,0.394203
1.1500000000000001,0.347151,0.401645
0.9100000000000001,0.321634,0.427365
1.1300000000000001,0.352377,0.437539
1.1700000000000002,0.37711,0.37906
0.9900000000000001,0.408854,0.395767
1.0500000000000003,0.38038,0.414876
0.9300000000000002,0.41235,0.427551
0.9300000000000002,0.468869,0.389623
1.1100000000000003,0.441602,0.412809
0.9300000000000002,0.473262,0.419536
0.8700000000000001,0.496758,0.401842
0.8300000000000001,0.526692,0.38381
1.0500000000000003,0.551993,0.403289
0.9500000000000002,0.521998,0.414755
1.1900000000000002,0.579464,0.381105
1.0100000000000002,0.610309,0.397672
0.8700000000000001,0.583508,0.416069
0.9700000000000001,0.559105,0.434453
1.0900000000000003,0.614006,0.429852
1.2100000000000002,0.640806,0.378811
1.1100000000000003,0.672533,0.394631
0.9700000000000001,0.642575,0.413165
0.81,0.671201,0.427344
1.1100000000000003,0.730936,0.387812
0.8700000000000001,0.703121,0.409444
0.8900000000000001,0.727646,0.423715
0.9700000000000001,0.788286,0.386175
0.8700000000000001,0.759595,0.399543
0.9300000000000002,0.790608,0.416533
1.0500000000000003,0.759894,0.434157
1.0100000000000002,0.844402,0.385689
0.9100000000000001,0.81632,0.400404
1.1900000000000002,0.848807,0.420318
0.8300000000000001,0.816591,0.429623
1.0300000000000002,0.909016,0.382787
0.9300000000000002,0.880496,0.401528
0.9700000000000001,0.90917,0.41699
0.9900000000000001,0.881033,0.433618
1.0900000000000003,0.937091,0.400124
1.0700000000000003,0.964251,0.381458
1.0100000000000002,0.969393,0.415762
0.8900000000000001,0.938698,0.431802
1.0700000000000003,0.0313972,0.452262
0.9900000000000001,0.00556773,0.473418
0.9100000000000001,0.0393045,0.48855
1.1300000000000001,0.0638547,0.464314
0.9100000000000001,0.09259,0.446023
1.0700000000000003,0.0968864,0.478805
1.0100000000000002,0.0694857,0.499727
1.1300000000000001,0.125343,0.458556
0.9300000000000002,0.13047,0.491207
0.9100000000000001,0.180032,0.445574
0.9100000000000001,0.156048,0.466045
1.0700000000000003,0.16039,0.500985
1.0300000000000002,0.184713,0.478533
1.0100000000000002,0.210174,0.455285
1.0300000000000002,0.243286,0.4616
0.9500000000000002,0.216822,0.487985
0.8900000000000001,0.269268,0.441735
0.8700000000000001,0.299892,0.448558
1.0700000000000003,0.276877,0.473195
0.9900000000000001,0.308899,0.485152
1.1500000000000001,0.250254,0.495336
0.9300000000000002,0.327531,0.459978
0.8700000000000001,0.358415,0.471455
0.9700000000000001,0.339389,0.495815
1.0300000000000002,0.388726,0.446828
1.0100000000000002,0.415571,0.471629
0.8700000000000001,0.385169,0.477219
1.1100000000000003,0.433085,0.502408
0.8500000000000001,0.436588,0.445714
1.0900000000000003,0.468571,0.452028
0.7500000000000001,0.443491,0.472588
1.1100000000000003,0.469121,0.488217
0.9100000000000001,0.498866,0.435351
0.9500000000000002,0.497604,0.468366
1.0100000000000002,0.528557,0.448179
1.0500000000000003,0.528932,0.482047
1.0500000000000003,0.557321,0.467558
0.9300000000000002,0.585376,0.447986
0.8900000000000001,0.617851,0.462588
0.9900000000000001,0.589468,0.479682
0.8500000000000001,0.56417,0.497932
0.9300000000000002,0.645816,0.445108
0.9500000000000002,0.673142,0.458865
0.9300000000000002,0.648377,0.477101
0.9300000000000002,0.676733,0.491825
1.0100000000000002,0.619323,0.494498
0.9100000000000001,0.698554,0.440095
1.0100000000000002,0.73062,0.454033
1.0300000000000002,0.70416,0.471794
0.8900000000000001,0.732316,0.485486
1.1900000000000002,0.791266,0.450502
0.9300000000000002,0.759942,0.469132
0.8700000000000001,0.785144,0.484781
1.0700000000000003,0.844415,0.45509
1.1500000000000001,0.816446,0.479264
0.9700000000000001,0.851642,0.491276
1.0700000000000003,0.911234,0.449797
1.1300000000000001,0.877583,0.467482
0.9700000000000001,0.914609,0.482444
0.9500000000000002,0.942577,0.463771
0.8500000000000001,0.966144,0.444754
1.0100000000000002,0.972926,0.473854
0.9900000000000001,0.948225,0.495254
1.1900000000000002,0.0103716,0.507447
0.8900000000000001,0.0457579,0.519112
1.0500000000000003,0.0231202,0.543555
0.9100000000000001,0.0520845,0.556565
0.9900000000000001,0.102273,0.512281
1.0100000000000002,0.075524,0.533687
0.9100000000000001,0.104952,0.543253
1.0700000000000003,0.134206,0.525299
0.9100000000000001,0.16891,0.53329
0.9100000000000001,0.145538,0.556196
0.9900000000000001,0.192541,0.511111
1.0900000000000003,0.225781,0.520516
0.9500000000000002,0.198679,0.541575
1.1300000000000001,0.230381,0.557298
0.8700000000000001,0.285327,0.505913
1.0900000000000003,0.261489,0.530519
0.9100000000000001,0.293058,0.540844
1.0700000000000003,0.314525,0.517983
0.8900000000000001,0.369303,0.500416
0.81,0.344615,0.52434
1.0300000000000002,0.323057,0.550875
1.1300000000000001,0.359459,0.558868
0.9700000000000001,0.377344,0.529154
0.9300000000000002,0.399245,0.502227
1.0700000000000003,0.412702,0.531009
0.8300000000000001,0.39266,0.555524
0.8300000000000001,0.4208,0.561316
0.8700000000000001,0.47619,0.521826
1.0700000000000003,0.446846,0.536045
1.0500000000000003,0.475561,0.554312
0.9500000000000002,0.500703,0.50156
1.1300000000000001,0.534929,0.515391
1.0300000000000002,0.503927,0.534966
1.1300000000000001,0.53588,0.550714
1.0100000000000002,0.592373,0.512592
0.9900000000000001,0.566287,0.532379
0.9500000000000002,0.596382,0.547102
0.9900000000000001,0.62196,0.527511
1.0300000000000002,0.648361,0.508963
1.0300000000000002,0.677789,0.523538
0.9300000000000002,0.6522,0.540325
0.9500000000000002,0.624787,0.562043
0.9500000000000002,0.678334,0.5582
1.0700000000000003,0.708112,0.505525
0.9300000000000002,0.737027,0.522274
1.1500000000000001,0.708843,0.542993
1.0700000000000003,0.744366,0.556726
0.9900000000000001,0.757906,0.500093
0.8300000000000001,0.792436,0.510949
1.0500000000000003,0.770028,0.531236
0.9700000000000001,0.802549,0.539547
1.0500000000000003,0.824676,0.515001
0.9700000000000001,0.857273,0.523732
0.9900000000000001,0.833647,0.550009
1.2100000000000002,0.886384,0.503701
1.0700000000000003,0.921855,0.515696
0.9300000000000002,0.897376,0.53762
0.8500000000000001,0.92835,0.548537
1.1700000000000002,0.868775,0.556539
0.81,0.97531,0.504775
1.0500000000000003,0.990048,0.536339
1.1300000000000001,0.954997,0.530339
0.9900000000000001,0.966717,0.563889
1.0500000000000003,0.0275941,0.576618
1.0700000000000003,0.0295654,0.611989
1.1500000000000001,-0.0029971,0.598969
0.9100000000000001,-0.00089822,0.56533
0.9900000000000001,0.0586629,0.588623
0.9500000000000002,0.0823437,0.565917
1.1500000000000001,0.116511,0.574054
1.1100000000000003,0.0906003,0.600144
1.0500000000000003,0.063581,0.622657
1.0500000000000003,0.122676,0.610035
1.1300000000000001,0.177216,0.566056
1.0700000000000003,0.149168,0.587947
0.9500000000000002,0.156291,0.621256
0.9300000000000002,0.181174,0.601482
0.9300000000000002,0.206338,0.581624
1.0900000000000003,0.23796,0.590073
0.9900000000000001,0.21156,0.613294
1.0900000000000003,0.265755,0.563468
0.9700000000000001,0.299309,0.574851
1.0300000000000002,0.271543,0.597767
1.0500000000000003,0.30573,0.607315
1.1100000000000003,0.246399,0.624977
1.0700000000000003,0.332442,0.584611
1.0300000000000002,0.362163,0.600258
0.9100000000000001,0.335707,0.620903
0.9500000000000002,0.391579,0.583994
0.9300000000000002,0.421063,0.592851
0.77,0.390695,0.611704
1.0900000000000003,0.417466,0.624924
0.9900000000000001,0.448403,0.572955
1.1300000000000001,0.478562,0.589374
1.1100000000000003,0.449619,0.61046
1.1100000000000003,0.481619,0.624505
0.9300000000000002,0.506969,0.571393
1.1100000000000003,0.538372,0.587499
0.9900000000000001,0.510094,0.605314
0.8700000000000001,0.539841,0.619811
1.1100000000000003,0.569015,0.566509
0.8900000000000001,0.598401,0.579438
1.0100000000000002,0.569186,0.600477
1.0100000000000002,0.599187,0.614442
1.1300000000000001,0.628497,0.594867
0.9500000000000002,0.655281,0.576104
0.8700000000000001,0.684618,0.586721
1.1300000000000001,0.661179,0.610317
1.0700000000000003,0.71553,0.578902
1.0900000000000003,0.732407,0.613984
1.0700000000000003,0.69738,0.614338
1.1300000000000001,0.756831,0.589742
0.9500000000000002,0.779116,0.564467
0.9700000000000001,0.788468,0.596955
0.9500000000000002,0.768251,0.621157
0.9500000000000002,0.813757,0.573761
1.0100000000000002,0.845723,0.582408
1.0300000000000002,0.821961,0.60486
0.9500000000000002,0.852172,0.613139
0.9700000000000001,0.877839,0.591915
1.0100000000000002,0.903407,0.569485
1.1100000000000003,0.90932,0.603535
1.0300000000000002,0.935369,0.578722
0.9300000000000002,0.941218,0.611106
0.8300000000000001,0.963577,0.593367
0.9900000000000001,0.970367,0.62243
1.0100000000000002,0.0051807,0.635972
0.9300000000000002,0.0381478,0.645298
0.9300000000000002,0.0151299,0.666164
0.9100000000000001,0.0444724,0.677211
0.9300000000000002,0.0957593,0.632573
1.0700000000000003,0.0711662,0.655941
0.9500000000000002,0.103081,0.667047
0.9700000000000001,0.0785109,0.687382
1.1700000000000002,0.126932,0.644304
0.9900000000000001,0.159902,0.656555
0.9900000000000001,0.134596,0.678139
0.9500000000000002,0.169879,0.688217
0.9500000000000002,0.184175,0.634414
0.9100000000000001,0.192228,0.666994
1.0300000000000002,0.215969,0.64638
0.9700000000000001,0.222052,0.679227
0.9500000000000002,0.246088,0.659565
0.9100000000000001,0.279347,0.628578
1.1700000000000002,0.279329,0.663025
0.9700000000000001,0.252332,0.688207
0.9900000000000001,0.309603,0.641025
0.9700000000000001,0.312536,0.674721
1.0100000000000002,0.339118,0.653574
1.0300000000000002,0.366529,0.633967
1.0900000000000003,0.343476,0.687688
0.9900000000000001,0.369237,0.666475
0.8900000000000001,0.393911,0.648116
1.0900000000000003,0.425441,0.661774
1.1100000000000003,0.398704,0.683612
0.8900000000000001,0.452399,0.644693
0.9100000000000001,0.480762,0.657707
1.0100000000000002,0.456317,0.676658
0.9300000000000002,0.514187,0.637445
0.9700000000000001,0.542293,0.650991
1.1100000000000003,0.509147,0.67232
1.1700000000000002,0.542873,0.686283
1.0100000000000002,0.570883,0.633235
1.0500000000000003,0.601374,0.64871
1.0100000000000002,0.570444,0.666058
0.8900000000000001,0.599772,0.679987
1.0300000000000002,0.62984,0.630035
0.79,0.65382,0.649336
1.0900000000000003,0.630849,0.66749
1.0500000000000003,0.661503,0.686516
0.9700000000000001,0.681103,0.643069
0.8500000000000001,0.711734,0.64344
1.0500000000000003,0.727691,0.671757
1.0300000000000002,0.693779,0.67344
0.9300000000000002,0.746229,0.644657
0.9500000000000002,0.798887,0.629315
0.8700000000000001,0.77758,0.650529
0.9700000000000001,0.805818,0.663221
0.81,0.758118,0.669444
0.9300000000000002,0.781137,0.683046
1.0100000000000002,0.828945,0.637302
0.9900000000000001,0.859813,0.646861
0.8700000000000001,0.837514,0.666587
1.1300000000000001,0.866295,0.682004
1.0100000000000002,0.884769,0.624842
0.9700000000000001,0.915614,0.637433
0.9500000000000002,0.891854,0.657275
0.9900000000000001,0.922169,0.668867
0.9700000000000001,0.947148,0.645303
0.9900000000000001,0.977516,0.652428
0.9100000000000001,0.953254,0.678122
0.9900000000000001,0.0212575,0.697944
1.0300000000000002,0.0518978,0.707833
1.0900000000000003,0.0260243,0.732038
0.8900000000000001,0.10816,0.70037
0.9900000000000001,0.0832356,0.718575
0.9700000000000001,0.113719,0.73105
1.0100000000000002,0.0584966,0.741363
1.0900000000000003,0.141646,0.711086
1.1100000000000003,0.178586,0.72293
1.0900000000000003,0.147001,0.746093
0.8500000000000001,0.198828,0.698605
1.1300000000000001,0.227818,0.716477
1.0500000000000003,0.208011,0.745692
0.8700000000000001,0.283966,0.695039
0.9100000000000001,0.261985,0.715973
1.0300000000000002,0.288342,0.731885
1.0100000000000002,0.255829,0.74721
1.1100000000000003,0.312933,0.709119
1.1100000000000003,0.345113,0.723829
1.0300000000000002,0.318105,0.744906
0.9500000000000002,0.373165,0.706509
0.8300000000000001,0.375205,0.737413
1.0300000000000002,0.4319,0.698707
1.0700000000000003,0.402497,0.720108
1.0500000000000003,0.433458,0.733158
0.9500000000000002,0.485847,0.695266
0.8500000000000001,0.461376,0.714011
0.9500000000000002,0.490374,0.72651
1.0900000000000003,0.464826,0.747106
0.9700000000000001,0.516238,0.706151
0.8700000000000001,0.54982,0.718183
1.1300000000000001,0.523463,0.738453
0.9700000000000001,0.555025,0.748462
0.9500000000000002,0.573735,0.69845
0.8900000000000001,0.602135,0.708659
0.9100000000000001,0.579197,0.728963
1.0700000000000003,0.617951,0.735092
0.9300000000000002,0.631425,0.699998
0.9500000000000002,0.656168,0.721313
1.0500000000000003,0.678901,0.745408
1.0900000000000003,0.687976,0.709265
0.8900000000000001,0.720676,0.703811
1.0300000000000002,0.712401,0.73572
0.9900000000000001,0.743798,0.727249
0.8700000000000001,0.751525,0.696129
0.9700000000000001,0.773548,0.715726
1.0500000000000003,0.800321,0.7384
1.0500000000000003,0.768498,0.750475
0.9900000000000001,0.805097,0.704983
0.9700000000000001,0.835651,0.696628
1.0500000000000003,0.833069,0.729044
1.1700000000000002,0.868064,0.718456
0.9300000000000002,0.899077,0.69095
0.8700000000000001,0.928599,0.699718
1.0100000000000002,0.904594,0.72147
0.77,0.887468,0.744131
1.0300000000000002,0.935298,0.734824
1.0100000000000002,0.991633,0.724879
1.2500000000000002,0.98606,0.687438
1.0100000000000002,0.959484,0.712066
1.0700000000000003,0.968153,0.74777
0.9700000000000001,0.0317842,0.767736
0.9900000000000001,0.00315674,0.792338
1.1300000000000001,0.0380727,0.801202
1.0700000000000003,0.000115847,0.758493
1.0300000000000002,0.0636584,0.77383
0.9900000000000001,0.0884976,0.751013
0.77,0.0912731,0.779404
1.2300000000000002,0.115394,0.799907
1.0300000000000002,0.0756309,0.806353
0.9900000000000001,0.117066,0.764357
1.0500000000000003,0.178624,0.761337
1.0100000000000002,0.14654,0.781182
1.0700000000000003,0.176921,0.799135
0.9100000000000001,0.148494,0.812355
0.8300000000000001,0.233527,0.766675
0.9700000000000001,0.207571,0.779562
0.9900000000000001,0.233945,0.798144
1.0100000000000002,0.287986,0.764436
0.9900000000000001,0.260249,0.778905
0.9700000000000001,0.292652,0.794946
1.1100000000000003,0.349442,0.758714
0.9300000000000002,0.320264,0.779272
1.0900000000000003,0.350834,0.794532
1.0100000000000002,0.320144,0.81188
1.1100000000000003,0.405521,0.754152
0.9700000000000001,0.379854,0.774906
1.2100000000000002,0.40994,0.791418
0.8900000000000001,0.380207,0.808982
0.9900000000000001,0.438945,0.7693
1.0300000000000002,0.471538,0.782364
1.1300000000000001,0.444429,0.804222
1.0300000000000002,0.497439,0.763101
0.9100000000000001,0.501553,0.796175
0.9700000000000001,0.530037,0.770742
1.1100000000000003,0.534258,0.805129
1.0700000000000003,0.562224,0.781696
0.9700000000000001,0.585781,0.759447
0.9100000000000001,0.615565,0.767576
1.1300000000000001,0.597587,0.798355
1.1100000000000003,0.645697,0.755233
1.1100000000000003,0.66955,0.78244
1.0500000000000003,0.63517,0.793079
1.0500000000000003,0.737107,0.761243
1.1300000000000001,0.704181,0.770089
1.0700000000000003,0.72886,0.794418
1.0100000000000002,0.694647,0.804753
1.0700000000000003,0.793094,0.773964
1.0100000000000002,0.760303,0.785592
1.0100000000000002,0.786191,0.808614
0.8900000000000001,0.817519,0.79511
1.1300000000000001,0.858404,0.753545
0.9500000000000002,0.824748,0.763352
1.0900000000000003,0.850698,0.787993
0.9700000000000001,0.913142,0.758983
1.1300000000000001,0.887362,0.779031
0.9900000000000001,0.921972,0.791173
0.9300000000000002,0.897238,0.810396
0.9100000000000001,0.943311,0.767996
0.9700000000000001,0.97286,0.779452
0.79,0.949518,0.799743
0.8900000000000001,0.975812,0.81298
1.0900000000000003,0.00849053,0.825919
0.8700000000000001,0.0278346,0.849983
0.9900000000000001,0.0518693,0.869549
0.9900000000000001,0.0546114,0.834113
0.9500000000000002,0.096128,0.831514
0.8500000000000001,0.0781449,0.855712
1.1500000000000001,0.110953,0.864575
0.9100000000000001,0.12602,0.833547
1.1100000000000003,0.173867,0.834776
1.0700000000000003,0.145956,0.857489
1.0300000000000002,0.206324,0.814144
0.9700000000000001,0.235997,0.834383
1.0100000000000002,0.206559,0.847902
1.0100000000000002,0.2387,0.865927
0.9900000000000001,0.175547,0.870556
1.0900000000000003,0.264318,0.813466
0.9700000000000001,0.294422,0.82938
0.8700000000000001,0.263591,0.847526
1.0300000000000002,0.294042,0.861167
1.0900000000000003,0.352135,0.828115
1.0500000000000003,0.323355,0.846943
0.9300000000000002,0.353986,0.86277
1.0900000000000003,0.416063,0.827427
1.1300000000000001,0.383646,0.841136
0.9500000000000002,0.411168,0.859513
0.9900000000000001,0.475993,0.81942
1.1100000000000003,0.449585,0.843024
1.0100000000000002,0.487486,0.852832
0.81,0.436878,0.872154
1.0900000000000003,0.510689,0.829435
0.8500000000000001,0.541307,0.840232
0.9300000000000002,0.519441,0.861628
0.9100000000000001,0.550393,0.871098
1.0500000000000003,0.567359,0.815835
0.9300000000000002,0.595254,0.835631
0.8500000000000001,0.568353,0.846192
1.1500000000000001,0.587807,0.871789
0.9900000000000001,0.623279,0.823141
1.2100000000000002,0.62405,0.857467
1.1100000000000003,0.659254,0.818622
0.9500000000000002,0.657741,0.854566
0.9900000000000001,0.688954,0.840349
1.1900000000000002,0.722515,0.828695
1.0300000000000002,0.714771,0.863824
1.0700000000000003,0.682832,0.874769
0.9700000000000001,0.754891,0.81989
1.0500000000000003,0.748188,0.853168
0.9500000000000002,0.77911,0.841019
0.9300000000000002,0.809473,0.830936
1.0500000000000003,0.805443,0.863953
0.8500000000000001,0.833848,0.817631
1.0500000000000003,0.836394,0.847977
1.1500000000000001,0.865789,0.823721
1.0300000000000002,0.874138,0.858039
1.0500000000000003,0.931411,0.824738
0.9900000000000001,0.902156,0.839782
1.0100000000000002,0.932516,0.858999
1.0100000000000002,0.963694,0.842431
0.9700000000000001,0.994014,0.857303
1.0300000000000002,0.964115,0.875616
1.1900000000000002,0.0182343,0.881064
1.0500000000000003,0.0514178,0.906393
0.9500000000000002,0.0202258,0.914836
1.1500000000000001,0.0833585,0.888391
1.0700000000000003,0.0880162,0.923218
1.1100000000000003,0.0558388,0.941654
1.1700000000000002,0.118818,0.902569
0.9500000000000002,0.150505,0.891965
1.0300000000000002,0.179121,0.907786
0.9100000000000001,0.152164,0.924169
0.9300000000000002,0.182287,0.939829
1.1700000000000002,0.208745,0.883158
1.0100000000000002,0.239452,0.898703
1.0500000000000003,0.211959,0.920026
1.0300000000000002,0.268056,0.881252
0.8300000000000001,0.29967,0.899371
0.9900000000000001,0.272769,0.914048
1.1300000000000001,0.244238,0.932983
0.7500000000000001,0.300592,0.927619
1.0300000000000002,0.323042,0.879892
1.0700000000000003,0.353726,0.894988
0.9300000000000002,0.326993,0.911762
0.9500000000000002,0.356644,0.927723
1.0300000000000002,0.383093,0.877601
0.9700000000000001,0.411242,0.892312
0.9500000000000002,0.383993,0.910367
1.0500000000000003,0.417807,0.924227
0.9900000000000001,0.443526,0.903423
1.0700000000000003,0.466631,0.8788
0.9500000000000002,0.475289,0.910513
1.0500000000000003,0.450381,0.936313
0.9300000000000002,0.497576,0.888471
1.0100000000000002,0.505073,0.918649
1.0100000000000002,0.528134,0.893765
0.9900000000000001,0.535805,0.9263
0.9700000000000001,0.55999,0.90149
0.9500000000000002,0.590899,0.906665
0.9900000000000001,0.56986,0.932401
1.1100000000000003,0.607192,0.935861
0.9100000000000001,0.616501,0.890869
0.8900000000000001,0.64839,0.883716
1.0700000000000003,0.672032,0.907838
1.0700000000000003,0.637434,0.916806
1.0300000000000002,0.739997,0.88783
0.9900000000000001,0.70727,0.896053
1.0500000000000003,0.73379,0.922677
0.9700000000000001,0.699874,0.928176
1.0500000000000003,0.773524,0.876383
0.8700000000000001,0.76425,0.907031
0.8700000000000001,0.792214,0.904344
1.2500000000000002,0.779105,0.936654
1.0900000000000003,0.81596,0.925674
0.9700000000000001,0.847321,0.877706
0.9500000000000002,0.819781,0.892808
0.9900000000000001,0.846657,0.911178
0.9100000000000001,0.875,0.895139
0.9700000000000001,0.875,0.927571
1.0100000000000002,0.9029,0.874025
0.9900000000000001,0.902554,0.909337
1.1100000000000003,0.92958,0.925577
1.0500000000000003,0.932344,0.891827
0.8700000000000001,0.987769,0.896538
0.8900000000000001,0.959888,0.909044
0.9900000000000001,0.989954,0.92801
0.9300000000000002,0.0426493,0.998829
1.0100000000000002,0.0135994,0.984347
0.9100000000000001,0.0402575,0.96945
0.9900000000000001,0.0204907,0.946762
0.9500000000000002,0.0687555,0.978988
1.1300000000000001,0.101703,0.992738
1.0100000000000002,0.0918491,0.957828
1.0900000000000003,0.12156,0.938474
1.0100000000000002,0.156242,0.988313
0.8900000000000001,0.127865,0.973733
0.9700000000000001,0.154928,0.956451
1.0300000000000002,0.215329,0.988986
1.0500000000000003,0.185004,0.971306
0.9900000000000001,0.212856,0.954878
1.1100000000000003,0.243753,0.967111
1.0900000000000003,0.274061,0.983372
0.9900000000000001,0.275254,0.947782
1.0500000000000003,0.30304,0.963466
0.9900000000000001,0.305174,0.996107
0.9300000000000002,0.360479,0.993542
0.9700000000000001,0.331002,0.979737
1.0900000000000003,0.358495,0.960395
0.9900000000000001,0.328968,0.94355
0.9700000000000001,0.388693,0.977923
0.9900000000000001,0.419293,0.993289
1.0300000000000002,0.420305,0.95861
1.1300000000000001,0.389304,0.943535
1.2300000000000002,0.454931,0.973551
0.9300000000000002,0.482717,0.943523
1.0500000000000003,0.492286,0.975287
0.9500000000000002,0.527363,0.979032
0.9100000000000001,0.513926,0.950858
0.9700000000000001,0.54694,0.955046
0.9100000000000001,0.594834,0.99468
1.1900000000000002,0.560067,0.986366
1.0100000000000002,0.615668,0.970821
1.0100000000000002,0.584772,0.960801
0.9500000000000002,0.629946,0.999832
1.1300000000000001,0.661636,0.97611
0.9900000000000001,0.639288,0.949372
0.9100000000000001,0.667859,0.940439
1.0300000000000002,0.692762,0.994891
1.0100000000000002,0.694545,0.962168
0.9900000000000001,0.722981,0.978345
0.81,0.720786,0.948609
0.9900000000000001,0.751646,0.994165
1.0300000000000002,0.749423,0.95951
0.9900000000000001,0.778534,0.972712
0.9300000000000002,0.816826,0.995821
1.1500000000000001,0.811714,0.962367
0.9700000000000001,0.845069,0.977599
1.0700000000000003,0.845066,0.944084
0.9500000000000002,0.930552,0.99325
0.9700000000000001,0.873712,0.99349
0.8900000000000001,0.874549,0.961217
1.0100000000000002,0.902386,0.97721
1.0700000000000003,0.931156,0.960252
0.9500000000000002,0.900704,0.9449
0.9100000000000001,0.984936,0.997206
0.9900000000000001,0.96028,0.977138
1.0500000000000003,0.989788,0.962127
1.0700000000000003,0.960739,0.942864
sigma, x , y
0.9900000000000001,0.0112274,0.0121933
0.9700000000000001,0.0380056,0.030803
1.1500000000000001,0.0103569,0.0483747
1.0900000000000003,0.0405909,0.0665815
0.79,0.0634304,0.0141576
0.9100000000000001,0.0920453,0.0170296
1.1300000000000001,0.0714171,0.0437188
0.9500000000000002,0.1083,0.0451316
1.0900000000000003,0.127403,0.0156312
0.9500000000000002,0.165157,0.0238599
1.0900000000000003,0.142907,0.0478987
1.0100000000000002,0.177339,0.0546385
0.9300000000000002,0.195846,0.0281918
1.0700000000000003,0.230857,0.0296637
0.9900000000000001,0.209061,0.0576559
1.0700000000000003,0.243874,0.0608325
0.9100000000000001,0.26112,0.0249566
0.9300000000000002,0.292286,0.0270767
1.0300000000000002,0.276448,0.0523532
1.1300000000000001,0.310245,0.0553069
0.9300000000000002,0.324341,0.0256122
1.29,0.360245,0.0242477
0.9500000000000002,0.343372,0.057535
0.9300000000000002,0.416428,0.00220038
0.9900000000000001,0.398301,0.0305695
1.0700000000000003,0.432438,0.0338622
1.0500000000000003,0.377511,0.0606523
1.1100000000000003,0.412348,0.0631913
1.0300000000000002,0.467008,0.0354833
1.0900000000000003,0.451324,0.0655563
0.9500000000000002,0.487431,0.0618218
1.1300000000000001,0.502276,0.0308734
0.9500000000000002,0.536964,0.0287435
1.0100000000000002,0.520018,0.0589159
1.0500000000000003,0.554983,0.0566175
0.8900000000000001,0.567108,0.0279265
1.0100000000000002,0.59783,0.0240444
0.8900000000000001,0.585183,0.0553169
0.8700000000000001,0.614668,0.0474367
1.0100000000000002,0.640687,0.0272918
1.0700000000000003,0.678079,0.0227383
1.1100000000000003,0.664155,0.0538609
1.0100000000000002,0.713127,0.0213368
0.9700000000000001,0.736368,0.0478767
1.0700000000000003,0.699089,0.0518796
1.1900000000000002,0.751089,0.0129551
0.7500000000000001,0.784194,0.00804665
1.1300000000000001,0.77513,0.0392333
0.9100000000000001,0.807116,0.0278414
1.0100000000000002,0.798229,0.0665571
0.9900000000000001,0.836646,0.0177424
1.0500000000000003,0.860008,0.0403138
1.0100000000000002,0.827997,0.0516518
1.0100000000000002,0.894095,0.0274993
1.0900000000000003,0.92559,0.0161781
1.0900000000000003,0.919332,0.0503549
1.0300000000000002,0.88734,0.0629113
0.9500000000000002,0.981864,0.0287303
1.0100000000000002,0.951545,0.0399944
0.9500000000000002,0.976264,0.0617916
0.9900000000000001,0.0292036,0.0973637
1.0100000000000002,0.00098439,0.0811461
0.9100000000000001,0.0205313,0.130921
0.8700000000000001,0.047396,0.121701
1.0300000000000002,0.0643374,0.0942717
1.0100000000000002,0.087373,0.0726962
1.0500000000000003,0.0996828,0.102262
1.0900000000000003,0.121376,0.0754671
1.0300000000000002,0.0770419,0.126628
0.9700000000000001,0.154992,0.0791131
1.2100000000000002,0.135216,0.10806
0.9500000000000002,0.172148,0.111849
0.9700000000000001,0.189687,0.0864323
0.9700000000000001,0.22118,0.0881359
0.9300000000000002,0.204329,0.117297
0.9700000000000001,0.23622,0.116423
0.9300000000000002,0.25327,0.0900611
1.1300000000000001,0.285363,0.0856116
0.8700000000000001,0.267723,0.117374
0.9900000000000001,0.302513,0.116227
1.1100000000000003,0.322256,0.0900249
1.1100000000000003,0.357833,0.0898766
0.9500000000000002,0.335107,0.122307
1.1700000000000002,0.371117,0.123025
1.0700000000000003,0.392501,0.0920317
1.2300000000000002,0.430785,0.0974938
1.0900000000000003,0.407576,0.127175
1.0900000000000003,0.469351,0.0973699
0.9500000000000002,0.502686,0.0875927
1.2100000000000002,0.537292,0.0900774
0.9900000000000001,0.50058,0.118739
1.0500000000000003,0.533031,0.127652
0.8900000000000001,0.604789,0.0751907
0.9100000000000001,0.572585,0.0828781
1.0700000000000003,0.597439,0.105885
1.0500000000000003,0.565184,0.115605
0.9100000000000001,0.63575,0.0680175
0.9500000000000002,0.630726,0.0967449
0.8700000000000001,0.659279,0.0876589
1.1300000000000001,0.65224,0.12063
0.8900000000000001,0.719923,0.0762789
0.9500000000000002,0.688672,0.0841616
0.9100000000000001,0.710914,0.105517
1.0900000000000003,0.742984,0.101086
0.8900000000000001,0.683994,0.115257
1.1900000000000002,0.764587,0.0749401
1.0700000000000003,0.791416,0.100372
0.8700000000000001,0.765864,0.121371
0.9500000000000002,0.854718,0.0720623
1.0500000000000003,0.825028,0.0854631
1.0700000000000003,0.85396,0.106947
1.0300000000000002,0.820384,0.11978
0.8500000000000001,0.882176,0.0950992
1.0700000000000003,0.912421,0.0845877
0.9500000000000002,0.874252,0.130098
0.9900000000000001,0.906198,0.118518
1.0700000000000003,0.938075,0.109407
0.9100000000000001,0.943391,0.0733825
1.0900000000000003,0.970096,0.0942897
0.8500000000000001,0.998969,0.113398
0.9700000000000001,0.969168,0.128415
0.9900000000000001,0.0195069,0.161754
1.1500000000000001,0.053705,0.153503
1.0300000000000002,0.0358251,0.189098
0.9300000000000002,0.109216,0.133367
1.0300000000000002,0.0888428,0.158868
1.0900000000000003,0.070104,0.187632
1.0300000000000002,0.105484,0.18973
1.0700000000000003,0.124737,0.161947
0.9300000000000002,0.150222,0.138473
1.0500000000000003,0.183102,0.142682
0.9500000000000002,0.163385,0.16907
0.9300000000000002,0.218192,0.143861
0.9900000000000001,0.195805,0.170659
0.9300000000000002,0.229797,0.170828
0.9100000000000001,0.248747,0.146293
1.0700000000000003,0.281518,0.144009
1.0700000000000003,0.263997,0.174383
0.9100000000000001,0.29772,0.174208
0.9700000000000001,0.316049,0.147833
1.0100000000000002,0.348062,0.1506
0.9700000000000001,0.328417,0.178412
1.1500000000000001,0.362384,0.183848
1.0500000000000003,0.383549,0.156255
1.0500000000000003,0.418845,0.159934
1.1500000000000001,0.397113,0.192169
0.8900000000000001,0.428823,0.189196
1.0300000000000002,0.443753,0.132572
1.0100000000000002,0.475083,0.137999
1.0500000000000003,0.451529,0.165512
1.1300000000000001,0.486095,0.173358
0.8500000000000001,0.506197,0.148756
0.8500000000000001,0.533468,0.159459
0.8500000000000001,0.559703,0.146954
1.0300000000000002,0.51846,0.185455
0.9100000000000001,0.549877,0.184607
0.9900000000000001,0.58957,0.140069
0.9700000000000001,0.612462,0.162691
1.1500000000000001,0.579365,0.172155
0.9900000000000001,0.619604,0.133156
0.9100000000000001,0.644862,0.153432
0.9700000000000001,0.677078,0.144982
1.1700000000000002,0.636285,0.187677
1.0500000000000003,0.668978,0.175714
0.8700000000000001,0.70678,0.136425
0.9300000000000002,0.731002,0.160988
0.8700000000000001,0.735052,0.13243
0.9500000000000002,0.701406,0.16769
1.0500000000000003,0.792658,0.137996
0.9500000000000002,0.760742,0.150834
1.0100000000000002,0.785932,0.171948
0.9700000000000001,0.755923,0.18361
0.9300000000000002,0.816994,0.159818
0.9900000000000001,0.845645,0.142428
0.9900000000000001,0.811076,0.192415
0.9900000000000001,0.841043,0.1789
1.0900000000000003,0.872348,0.162259
1.1300000000000001,0.905253,0.152178
0.9500000000000002,0.930844,0.173166
1.0500000000000003,0.896751,0.186046
0.9100000000000001,0.935762,0.141364
0.9300000000000002,0.99231,0.147975
0.9500000000000002,0.96073,0.160342
1.1100000000000003,0.991306,0.182758
1.0100000000000002,0.956155,0.192089
1.1700000000000002,0.0114583,0.21282
1.0100000000000002,0.0498833,0.218797
1.1700000000000002,0.0263555,0.245651
1.0700000000000003,0.0843123,0.221178
1.1300000000000001,0.12092,0.224411
1.1300000000000001,0.0620722,0.251159
1.0300000000000002,0.0960211,0.251972
1.0300000000000002,0.142142,0.1922
0.79,0.174586,0.194783
0.8900000000000001,0.152146,0.22108
1.0300000000000002,0.184173,0.224594
1.0300000000000002,0.207171,0.199847
0.9900000000000001,0.243561,0.198632
1.0500000000000003,0.218176,0.232138
0.9500000000000002,0.277307,0.204358
0.8700000000000001,0.291583,0.230467
1.1500000000000001,0.254764,0.230696
1.1100000000000003,0.311165,0.205167
0.9300000000000002,0.344527,0.211147
0.8900000000000001,0.321598,0.235687
1.0300000000000002,0.353708,0.241927
0.9300000000000002,0.376303,0.218048
1.0700000000000003,0.407221,0.231367
0.9700000000000001,0.384968,0.256576
0.9300000000000002,0.435614,0.219075
1.0700000000000003,0.46018,0.199905
0.9900000000000001,0.493444,0.206265
1.0300000000000002,0.47171,0.234073
0.9700000000000001,0.442243,0.249682
1.1500000000000001,0.53509,0.215846
0.9700000000000001,0.505647,0.233823
1.0700000000000003,0.528459,0.256087
1.0500000000000003,0.602147,0.199548
1.0100000000000002,0.568481,0.208421
1.1100000000000003,0.59302,0.233845
1.0100000000000002,0.558904,0.243716
1.0700000000000003,0.625716,0.224756
1.0100000000000002,0.66048,0.213735
1.1300000000000001,0.650433,0.248956
1.0700000000000003,0.722403,0.193479
1.0300000000000002,0.690071,0.203916
1.0900000000000003,0.719219,0.226316
1.0300000000000002,0.685745,0.237273
1.0300000000000002,0.751806,0.21671
0.9700000000000001,0.781891,0.204154
1.1300000000000001,0.807462,0.226512
1.0100000000000002,0.742537,0.251502
1.0700000000000003,0.775082,0.244296
0.9900000000000001,0.838893,0.213357
1.0300000000000002,0.867582,0.199092
0.9700000000000001,0.865663,0.232334
0.9500000000000002,0.835148,0.247508
1.0300000000000002,0.895332,0.219545
0.9500000000000002,0.924146,0.203685
1.0100000000000002,0.893045,0.25193
1.0500000000000003,0.922627,0.238067
0.9300000000000002,0.978211,0.214832
0.8900000000000001,0.949778,0.223598
1.0700000000000003,0.988548,0.244678
1.1500000000000001,0.954209,0.255445
1.0700000000000003,0.00938963,0.276345
1.0300000000000002,0.04319,0.281273
1.0500000000000003,0.0211109,0.307799
1.0500000000000003,0.0588761,0.309161
0.9900000000000001,0.0788687,0.282313
1.0100000000000002,0.110177,0.283449
0.9700000000000001,0.0916385,0.312593
1.0300000000000002,0.130068,0.25783
1.1500000000000001,0.165698,0.254314
0.8300000000000001,0.145081,0.285581
1.0300000000000002,0.180532,0.285509
1.0900000000000003,0.125668,0.313923
1.0900000000000003,0.160554,0.313942
0.8700000000000001,0.197699,0.256241
0.79,0.234644,0.260398
1.0300000000000002,0.214631,0.283449
0.8900000000000001,0.246796,0.286795
0.8900000000000001,0.297256,0.259137
0.9700000000000001,0.26723,0.263533
0.9500000000000002,0.275865,0.295678
0.8900000000000001,0.304231,0.287541
1.0300000000000002,0.328655,0.266061
1.0500000000000003,0.360286,0.280196
0.9500000000000002,0.332746,0.298163
0.9900000000000001,0.364006,0.314191
0.79,0.414002,0.259558
1.1900000000000002,0.396425,0.291653
0.9500000000000002,0.431742,0.282086
1.0500000000000003,0.422466,0.314758
0.9300000000000002,0.461237,0.273057
1.0700000000000003,0.494131,0.263232
0.9900000000000001,0.485848,0.296299
0.9700000000000001,0.455355,0.303523
1.0300000000000002,0.518725,0.287314
0.8500000000000001,0.550166,0.281792
0.9500000000000002,0.539809,0.310349
1.1700000000000002,0.581518,0.270323
1.0700000000000003,0.618074,0.261151
0.9700000000000001,0.608519,0.292643
1.0900000000000003,0.572579,0.306364
1.0300000000000002,0.643129,0.283475
1.1300000000000001,0.677271,0.275012
1.1500000000000001,0.665865,0.312833
1.0300000000000002,0.710661,0.260299
1.1900000000000002,0.736842,0.286871
1.0100000000000002,0.703519,0.294593
0.9500000000000002,0.725488,0.31971
0.9500000000000002,0.769862,0.27739
0.9900000000000001,0.797091,0.296752
1.0700000000000003,0.804037,0.262929
1.1700000000000002,0.765665,0.315648
1.0900000000000003,0.861708,0.265853
0.9300000000000002,0.831442,0.281277
1.0900000000000003,0.828903,0.313718
1.0500000000000003,0.860582,0.300804
1.0100000000000002,0.890776,0.288402
1.0500000000000003,0.921599,0.273133
0.9300000000000002,0.917181,0.306339
0.8300000000000001,0.978625,0.274535
1.0100000000000002,0.950626,0.292314
1.1100000000000003,0.986378,0.305177
1.0100000000000002,0.0395086,0.337468
0.9500000000000002,0.00490627,0.337707
1.0100000000000002,0.0194632,0.366241
1.0300000000000002,0.0521105,0.368022
1.0100000000000002,0.0743338,0.338866
0.9100000000000001,0.109843,0.34308
1.1300000000000001,0.0870479,0.370253
0.9900000000000001,0.14202,0.343867
1.2100000000000002,0.177937,0.346442
1.0500000000000003,0.12325,0.373441
1.1300000000000001,0.157917,0.375809
1.0500000000000003,0.197521,0.315058
1.0300000000000002,0.233661,0.316333
0.9500000000000002,0.213861,0.34358
1.1100000000000003,0.228714,0.375308
0.9500000000000002,0.246861,0.346858
0.9100000000000001,0.265382,0.322309
1.0300000000000002,0.301809,0.319179
1.0100000000000002,0.282452,0.349158
1.1300000000000001,0.263903,0.378854
0.9700000000000001,0.298561,0.38111
0.8500000000000001,0.334375,0.327563
1.0300000000000002,0.31449,0.352346
1.2500000000000002,0.356324,0.351933
0.9100000000000001,0.366457,0.387066
1.0300000000000002,0.390882,0.332592
0.9300000000000002,0.419315,0.347796
1.1100000000000003,0.39283,0.369269
0.9500000000000002,0.422623,0.37983
0.9900000000000001,0.47934,0.326542
1.0100000000000002,0.448806,0.336786
0.9100000000000001,0.471961,0.356879
0.9700000000000001,0.453557,0.380434
0.8900000000000001,0.488184,0.37941
0.9900000000000001,0.502396,0.349721
0.9100000000000001,0.509391,0.319507
1.0500000000000003,0.534062,0.342199
0.9700000000000001,0.520135,0.376493
1.2300000000000002,0.555619,0.371761
1.0900000000000003,0.599636,0.3261
0.9500000000000002,0.566812,0.339225
1.0700000000000003,0.591524,0.363588
0.7500000000000001,0.620455,0.347827
0.9900000000000001,0.631269,0.315582
0.9700000000000001,0.64713,0.344643
0.9300000000000002,0.679539,0.350081
1.1100000000000003,0.620912,0.380713
1.0500000000000003,0.658181,0.375759
0.8700000000000001,0.695432,0.323976
0.9900000000000001,0.712924,0.349788
0.8900000000000001,0.742116,0.3437
1.1100000000000003,0.696418,0.378134
1.1300000000000001,0.739327,0.376756
1.0300000000000002,0.796349,0.332057
1.0300000000000002,0.771118,0.352945
0.8500000000000001,0.798025,0.366397
1.0500000000000003,0.826733,0.347667
1.0300000000000002,0.857084,0.335543
0.9900000000000001,0.827641,0.379967
0.9100000000000001,0.855627,0.366112
0.9700000000000001,0.888123,0.321202
0.9900000000000001,0.915412,0.338684
0.9500000000000002,0.886006,0.353163
0.8500000000000001,0.91241,0.368109
0.9700000000000001,0.944377,0.324011
0.9500000000000002,0.973698,0.335928
1.0300000000000002,0.944652,0.356388
0.9900000000000001,0.986025,0.363529
0.9700000000000001,0.0346046,0.397477
1.0100000000000002,0.00219529,0.393317
1.0500000000000003,0.0144442,0.423785
1.0300000000000002,0.0501912,0.426449
1.0300000000000002,0.0678597,0.398692
1.0100000000000002,0.10347,0.402179
0.9500000000000002,0.0827859,0.42751
0.9700000000000001,0.118264,0.430333
0.9500000000000002,0.137507,0.403333
1.0300000000000002,0.17087,0.410173
0.9100000000000001,0.149076,0.433271
1.0700000000000003,0.194516,0.38108
0.9300000000000002,0.211008,0.408876
1.0100000000000002,0.241758,0.409564
0.9100000000000001,0.191522,0.434341
1.0300000000000002,0.223452,0.439343
1.1300000000000001,0.278093,0.411986
1.1500000000000001,0.257707,0.440253
0.8700000000000001,0.29379,0.442529
1.0500000000000003,0.31275,0.410682
0.9700000000000001,0.331262,0.381356
1.0500000000000003,0.345835,0.411747
0.9900000000000001,0.326556,0.44099
0.9900000000000001,0.358644,0.442866
0.9300000000000002,0.401973,0.402341
0.81,0.375794,0.416834
0.8900000000000001,0.387486,0.44261
1.1500000000000001,0.419265,0.436068
0.9700000000000001,0.437242,0.407447
1.0300000000000002,0.472053,0.406558
1.0500000000000003,0.455637,0.435805
1.0700000000000003,0.493779,0.436189
1.0100000000000002,0.506871,0.404721
0.8500000000000001,0.538526,0.401338
0.9900000000000001,0.527503,0.430278
1.0500000000000003,0.58305,0.398476
0.79,0.610086,0.408998
1.1500000000000001,0.560833,0.424785
0.9300000000000002,0.594256,0.43301
1.0700000000000003,0.642704,0.407289
1.0900000000000003,0.677729,0.407909
0.9500000000000002,0.62457,0.435143
0.9100000000000001,0.65917,0.4365
0.9500000000000002,0.715625,0.404079
1.1300000000000001,0.696379,0.437571
0.9900000000000001,0.7326,0.438063
1.0300000000000002,0.750947,0.411372
0.9900000000000001,0.771914,0.386518
0.8500000000000001,0.801548,0.392513
0.8500000000000001,0.7836,0.414213
1.0300000000000002,0.767287,0.440196
1.0100000000000002,0.856601,0.396232
1.1700000000000002,0.826202,0.414575
0.9100000000000001,0.8545,0.428726
0.8500000000000001,0.88641,0.383275
0.9900000000000001,0.912251,0.407907
0.9100000000000001,0.882578,0.413899
0.8900000000000001,0.934349,0.386825
0.9300000000000002,0.896245,0.439283
1.0100000000000002,0.965488,0.387991
1.0900000000000003,0.94431,0.418961
1.0900000000000003,0.979969,0.420801
1.0500000000000003,0.0283368,0.454249
1.1100000000000003,0.0047059,0.481328
1.0700000000000003,0.0423538,0.485202
0.9500000000000002,0.0607634,0.459531
1.1500000000000001,0.0974788,0.459628
1.1900000000000002,0.0776464,0.491152
1.0900000000000003,0.115702,0.492462
0.9900000000000001,0.134289,0.463486
1.2500000000000002,0.170748,0.461171
1.1700000000000002,0.152405,0.494007
0.9500000000000002,0.208703,0.467744
0.9700000000000001,0.240413,0.470668
1.0900000000000003,0.188681,0.494478
0.9100000000000001,0.22227,0.498136
1.1100000000000003,0.275827,0.471208
0.9300000000000002,0.255425,0.498081
0.9900000000000001,0.291017,0.500615
1.0500000000000003,0.311611,0.470882
0.8700000000000001,0.342992,0.469973
0.8900000000000001,0.327936,0.497509
0.9100000000000001,0.358606,0.498281
1.0100000000000002,0.373202,0.471075
1.1300000000000001,0.406618,0.47051
1.0100000000000002,0.391997,0.500642
0.9900000000000001,0.424739,0.499291
0.9500000000000002,0.439598,0.46422
0.9300000000000002,0.473497,0.463863
0.9300000000000002,0.489587,0.490122
0.9900000000000001,0.455727,0.492869
0.8500000000000001,0.504988,0.463908
1.0300000000000002,0.539396,0.45967
0.9700000000000001,0.522802,0.491621
1.1500000000000001,0.558714,0.490195
1.0100000000000002,0.572515,0.458724
0.9900000000000001,0.606593,0.463147
1.0100000000000002,0.592602,0.4927
1.0700000000000003,0.641026,0.464677
1.0300000000000002,0.675376,0.467748
0.9300000000000002,0.62372,0.493014
1.1300000000000001,0.656988,0.496726
1.0300000000000002,0.711476,0.466956
1.0900000000000003,0.745181,0.467919
1.0900000000000003,0.694757,0.496764
0.9500000000000002,0.730522,0.497374
1.0900000000000003,0.802039,0.442648
0.9900000000000001,0.779919,0.470748
0.8700000000000001,0.760943,0.495148
0.9500000000000002,0.791433,0.500211
1.0300000000000002,0.812902,0.476424
0.9300000000000002,0.835102,0.450503
0.9500000000000002,0.846136,0.481156
1.0900000000000003,0.869653,0.458291
0.9300000000000002,0.901613,0.469474
0.8300000000000001,0.92372,0.442589
1.1300000000000001,0.877143,0.49398
1.0500000000000003,0.914406,0.50156
0.9300000000000002,0.991696,0.451344
1.0700000000000003,0.933409,0.47349
0.9100000000000001,0.957955,0.449158
1.0500000000000003,0.968794,0.478121
1.1100000000000003,0.0187711,0.51494
0.9700000000000001,0.053228,0.517021
1.1100000000000003,0.0340399,0.547586
1.1700000000000002,-0.00277597,0.544254
1.1100000000000003,0.0998104,0.524599
1.0900000000000003,0.0692874,0.542887
0.8900000000000001,0.089615,0.567405
0.9900000000000001,0.117486,0.553947
0.9700000000000001,0.131554,0.523627
1.0900000000000003,0.170608,0.524368
0.9700000000000001,0.151638,0.551118
1.0700000000000003,0.204225,0.525169
1.1100000000000003,0.23884,0.52629
1.0900000000000003,0.183321,0.557133
0.9700000000000001,0.219413,0.557756
0.9900000000000001,0.272132,0.526817
0.9900000000000001,0.253737,0.558669
1.1100000000000003,0.286797,0.557572
1.1100000000000003,0.308439,0.529294
1.0100000000000002,0.342727,0.52638
0.9100000000000001,0.323323,0.558752
1.0700000000000003,0.355998,0.556443
1.0500000000000003,0.374134,0.526495
0.81,0.406477,0.528738
1.0500000000000003,0.391063,0.555548
0.9500000000000002,0.423352,0.553963
0.8700000000000001,0.437686,0.52671
1.0700000000000003,0.46948,0.520853
0.9100000000000001,0.453315,0.551713
0.9700000000000001,0.48627,0.551884
1.0500000000000003,0.504755,0.51829
1.1900000000000002,0.5407,0.521223
1.0500000000000003,0.517866,0.548683
0.8900000000000001,0.559446,0.550776
0.9900000000000001,0.576447,0.523609
0.9900000000000001,0.608508,0.524532
0.8700000000000001,0.591663,0.553286
1.0300000000000002,0.625505,0.552949
0.9500000000000002,0.641326,0.52569
1.0100000000000002,0.674998,0.526035
0.9900000000000001,0.658327,0.553147
0.8900000000000001,0.709871,0.52337
0.9500000000000002,0.744435,0.523764
1.0700000000000003,0.692404,0.553583
1.0500000000000003,0.725733,0.55071
0.8900000000000001,0.774364,0.523816
1.1300000000000001,0.796826,0.544669
1.0500000000000003,0.760102,0.550661
1.1700000000000002,0.825375,0.509694
0.9700000000000001,0.858449,0.522815
1.0500000000000003,0.831602,0.549706
1.2300000000000002,0.869552,0.557018
1.1100000000000003,0.891546,0.527552
0.9700000000000001,0.926661,0.531538
1.0100000000000002,0.906256,0.559663
1.1100000000000003,0.982271,0.510335
0.9300000000000002,0.94809,0.504078
0.9300000000000002,0.958018,0.533522
0.9900000000000001,0.939064,0.560545
0.8700000000000001,0.967345,0.560758
1.1300000000000001,0.0223178,0.579432
1.0100000000000002,0.0569062,0.573379
1.1300000000000001,0.0462314,0.607902
1.0900000000000003,0.0102056,0.612299
0.9700000000000001,0.0825229,0.596423
0.8500000000000001,0.110866,0.585622
0.9900000000000001,0.0790707,0.627022
0.9700000000000001,0.108292,0.615251
0.8300000000000001,0.138359,0.578174
1.0500000000000003,0.167325,0.590109
0.8500000000000001,0.136755,0.604874
0.8700000000000001,0.159741,0.621131
1.0500000000000003,0.201751,0.587499
1.0700000000000003,0.23551,0.588766
0.9500000000000002,0.188421,0.617514
0.9700000000000001,0.220471,0.61743
0.9700000000000001,0.2706,0.588438
1.0100000000000002,0.305488,0.585799
1.0500000000000003,0.253752,0.618016
0.9300000000000002,0.287815,0.615002
1.0500000000000003,0.340743,0.587779
0.8700000000000001,0.35598,0.616823
1.0700000000000003,0.319632,0.615107
0.8900000000000001,0.372999,0.584908
1.0100000000000002,0.408222,0.583344
1.1300000000000001,0.388551,0.614152
0.9700000000000001,0.422448,0.61546
0.8700000000000001,0.437465,0.584287
1.0900000000000003,0.468231,0.581876
1.1700000000000002,0.489707,0.611284
1.0100000000000002,0.454245,0.613196
1.0500000000000003,0.505095,0.580312
1.0100000000000002,0.539855,0.57558
1.0900000000000003,0.528597,0.607988
0.8300000000000001,0.560172,0.609641
1.0500000000000003,0.572397,0.580941
0.9100000000000001,0.610184,0.577884
1.0900000000000003,0.594001,0.608058
1.0300000000000002,0.641482,0.582203
0.9700000000000001,0.675863,0.580157
0.7500000000000001,0.658521,0.611477
1.0300000000000002,0.627376,0.611923
0.8900000000000001,0.711657,0.582513
1.0300000000000002,0.689604,0.608259
0.9700000000000001,0.722148,0.610342
1.0300000000000002,0.743217,0.582802
1.0900000000000003,0.77871,0.579718
0.8900000000000001,0.755707,0.611609
0.9700000000000001,0.790524,0.610398
0.9700000000000001,0.812274,0.577554
1.0100000000000002,0.844751,0.581127
1.0100000000000002,0.822578,0.608843
0.79,0.853516,0.608454
1.1700000000000002,0.88438,0.594221
1.0300000000000002,0.922039,0.592359
1.1300000000000001,0.909274,0.624595
1.0700000000000003,0.988246,0.585873
1.0500000000000003,0.955854,0.590394
1.0700000000000003,0.94322,0.623289
0.9500000000000002,0.976507,0.619281
0.9700000000000001,0.0257244,0.642347
0.8500000000000001,0.0541262,0.641886
0.9100000000000001,0.0474841,0.669473
1.0300000000000002,0.0156322,0.671912
0.9900000000000001,0.0768104,0.660922
0.9700000000000001,0.104674,0.647028
1.0500000000000003,0.0697789,0.693042
0.9700000000000001,0.102903,0.681194
1.0100000000000002,0.135166,0.636709
1.1900000000000002,0.166586,0.656184
0.9700000000000001,0.130948,0.668518
1.1500000000000001,0.156575,0.692777
1.0500000000000003,0.203613,0.65029
0.9700000000000001,0.236534,0.647097
0.9700000000000001,0.22592,0.67557
0.9900000000000001,0.192917,0.681236
0.9100000000000001,0.270854,0.643909
0.8700000000000001,0.255949,0.67258
1.0500000000000003,0.286947,0.671603
0.9500000000000002,0.303416,0.644772
1.1500000000000001,0.338543,0.646163
0.9500000000000002,0.321066,0.675109
0.9500000000000002,0.373438,0.643947
1.0100000000000002,0.355653,0.676141
0.9900000000000001,0.406637,0.644233
1.0100000000000002,0.387618,0.673329
1.0500000000000003,0.421329,0.675333
0.9300000000000002,0.438461,0.642022
0.9700000000000001,0.47252,0.643268
1.1300000000000001,0.454797,0.672641
1.0700000000000003,0.488636,0.67101
1.1100000000000003,0.540852,0.640499
1.0300000000000002,0.507061,0.642981
1.1300000000000001,0.524047,0.673379
0.9900000000000001,0.560741,0.666719
1.0500000000000003,0.575077,0.636934
1.0300000000000002,0.608902,0.639585
1.1100000000000003,0.592676,0.670299
0.9500000000000002,0.641202,0.640362
1.0500000000000003,0.673882,0.637505
0.9500000000000002,0.625114,0.668102
0.9100000000000001,0.659807,0.668002
0.9900000000000001,0.689852,0.666991
0.9300000000000002,0.707337,0.639938
0.9100000000000001,0.741447,0.636605
0.9500000000000002,0.7229,0.667361
0.9900000000000001,0.772991,0.637679
1.0100000000000002,0.755755,0.666826
0.81,0.785511,0.664508
1.1500000000000001,0.807175,0.640754
0.9700000000000001,0.806814,0.6867
0.9500000000000002,0.841972,0.635615
0.9100000000000001,0.828641,0.666579
1.1100000000000003,0.860278,0.663328
1.0500000000000003,0.873807,0.630311
1.0500000000000003,0.894761,0.659166
1.0900000000000003,0.92923,0.655944
1.0100000000000002,0.916848,0.689995
0.9500000000000002,0.995215,0.646065
0.9900000000000001,0.963806,0.650827
1.0100000000000002,0.98159,0.67764
1.0900000000000003,0.950279,0.68579
0.9100000000000001,0.0378631,0.698074
1.0700000000000003,0.00521588,0.704517
0.8700000000000001,0.0264136,0.728157
1.0900000000000003,0.0578808,0.724868
1.1100000000000003,0.0955072,0.715277
1.0300000000000002,0.0845358,0.747517
0.81,0.127229,0.707253
0.9300000000000002,0.147691,0.727279
0.9100000000000001,0.118074,0.739161
0.9700000000000001,0.181004,0.715545
1.1700000000000002,0.178136,0.749805
0.9100000000000001,0.212486,0.705405
0.9500000000000002,0.241066,0.702877
0.9700000000000001,0.246318,0.73225
1.0900000000000003,0.212847,0.737992
0.8700000000000001,0.270658,0.699243
0.9700000000000001,0.303039,0.70132
1.0700000000000003,0.284056,0.727107
1.0700000000000003,0.33727,0.702335
0.9900000000000001,0.32076,0.730372
0.9700000000000001,0.371797,0.703116
1.1500000000000001,0.355545,0.734403
1.0700000000000003,0.405969,0.704737
0.9300000000000002,0.389376,0.733493
1.0300000000000002,0.423907,0.733725
0.9900000000000001,0.437991,0.703992
1.0300000000000002,0.471398,0.703488
0.9300000000000002,0.455989,0.733286
0.9700000000000001,0.487866,0.733601
1.0100000000000002,0.504904,0.703221
0.8700000000000001,0.537393,0.705384
1.0500000000000003,0.521379,0.73178
1.0900000000000003,0.556011,0.731883
1.1300000000000001,0.571331,0.700185
0.9900000000000001,0.609256,0.701983
1.0300000000000002,0.590525,0.72993
0.8900000000000001,0.623956,0.728797
1.0100000000000002,0.64098,0.696867
0.9900000000000001,0.673878,0.696377
1.0900000000000003,0.657599,0.727655
0.9300000000000002,0.689658,0.722903
0.9300000000000002,0.706616,0.693786
0.9900000000000001,0.738971,0.695604
1.0900000000000003,0.722327,0.72427
1.1300000000000001,0.707111,0.755498
1.0500000000000003,0.743835,0.753867
1.1300000000000001,0.773602,0.696618
0.9500000000000002,0.753979,0.724218
0.8700000000000001,0.787644,0.725666
0.8900000000000001,0.775789,0.753731
0.9700000000000001,0.808706,0.748534
1.1100000000000003,0.842462,0.698041
0.8900000000000001,0.814481,0.716288
0.9300000000000002,0.838479,0.734933
0.9700000000000001,0.869135,0.725346
1.1100000000000003,0.882088,0.693011
1.0300000000000002,0.90255,0.721863
1.0100000000000002,0.887341,0.751346
1.0700000000000003,0.923595,0.750831
1.0100000000000002,0.937523,0.718977
1.0700000000000003,0.971762,0.71415
1.0100000000000002,0.996745,0.737509
1.1100000000000003,0.95864,0.750208
0.9700000000000001,0.0240414,0.759585
1.0300000000000002,0.0469407,0.787935
0.8500000000000001,0.0546148,0.756255
0.8700000000000001,0.0152798,0.794286
1.0500000000000003,0.0365175,0.819933
0.9300000000000002,0.0776947,0.778955
1.0700000000000003,0.108474,0.769895
1.0700000000000003,0.0700158,0.811412
0.9300000000000002,0.101494,0.804003
0.9900000000000001,0.142299,0.759853
1.0500000000000003,0.166304,0.784912
1.1500000000000001,0.133505,0.794599
0.9500000000000002,0.23751,0.761651
1.1700000000000002,0.204416,0.777665
0.8500000000000001,0.233849,0.792701
0.9700000000000001,0.187985,0.809651
0.9100000000000001,0.216799,0.81768
0.9100000000000001,0.268997,0.755485
1.1700000000000002,0.301847,0.757997
1.1100000000000003,0.265705,0.787454
1.0300000000000002,0.30163,0.793258
1.0900000000000003,0.338373,0.766448
0.77,0.331377,0.797163
0.8700000000000001,0.36032,0.792656
0.9500000000000002,0.373992,0.763565
0.9900000000000001,0.406809,0.760904
0.9100000000000001,0.42469,0.789538
1.0100000000000002,0.391247,0.790695
0.9300000000000002,0.441727,0.762199
0.8900000000000001,0.472615,0.761285
0.8500000000000001,0.459228,0.787684
1.0900000000000003,0.490542,0.791298
1.0100000000000002,0.444933,0.815397
0.9500000000000002,0.538981,0.761955
1.0300000000000002,0.505821,0.761823
0.8900000000000001,0.522828,0.7898
0.9900000000000001,0.555986,0.789111
1.0300000000000002,0.608805,0.758117
1.0300000000000002,0.572084,0.759632
1.0700000000000003,0.592192,0.786471
0.9700000000000001,0.642478,0.756801
0.9900000000000001,0.67389,0.758897
1.0300000000000002,0.660272,0.788489
1.0300000000000002,0.627571,0.785441
0.9500000000000002,0.677812,0.816714
0.9300000000000002,0.692189,0.788049
0.9900000000000001,0.727394,0.784208
1.0900000000000003,0.711569,0.813373
0.9300000000000002,0.745691,0.811717
0.8900000000000001,0.759382,0.78278
1.1500000000000001,0.796569,0.781676
0.8700000000000001,0.776446,0.808189
0.9100000000000001,0.806028,0.814257
0.8300000000000001,0.858381,0.755098
1.0100000000000002,0.83316,0.770658
1.1500000000000001,0.866842,0.786012
0.9900000000000001,0.8351,0.803461
1.0900000000000003,0.903377,0.781486
1.0100000000000002,0.886894,0.815928
1.0500000000000003,0.921483,0.810484
0.9900000000000001,0.938729,0.781066
0.9500000000000002,0.993895,0.770773
0.7500000000000001,0.965996,0.781114
0.9100000000000001,0.987303,0.803282
0.9900000000000001,0.955064,0.807995
1.0100000000000002,0.00511778,0.8283
1.0300000000000002,0.025741,0.854484
1.0100000000000002,0.0582043,0.843631
0.9100000000000001,0.0457729,0.879028
1.0500000000000003,0.0930161,0.836841
1.0100000000000002,0.112267,0.8631
1.1300000000000001,0.0792934,0.87209
0.9900000000000001,0.125273,0.830083
1.0700000000000003,0.158253,0.823275
0.9700000000000001,0.145739,0.855154
1.1100000000000003,0.169654,0.880928
1.1700000000000002,0.187219,0.846447
1.0300000000000002,0.22505,0.847048
1.1500000000000001,0.207077,0.878014
0.9700000000000001,0.240991,0.877156
1.0500000000000003,0.246987,0.818701
1.0100000000000002,0.280615,0.819952
1.0100000000000002,0.260898,0.850069
1.0100000000000002,0.296168,0.850742
1.0300000000000002,0.315525,0.823051
0.9300000000000002,0.347286,0.820796
1.0100000000000002,0.331926,0.850181
0.9900000000000001,0.364068,0.850354
0.9900000000000001,0.379217,0.821433
1.0300000000000002,0.412186,0.819201
1.1300000000000001,0.398491,0.850573
1.0100000000000002,0.434264,0.848793
1.0100000000000002,0.476124,0.821409
0.7500000000000001,0.465121,0.850587
1.0700000000000003,0.497133,0.847783
0.9300000000000002,0.511106,0.818159
1.0100000000000002,0.543343,0.818462
0.9700000000000001,0.530275,0.847084
1.0100000000000002,0.56394,0.848066
1.1100000000000003,0.575959,0.815975
1.1100000000000003,0.612248,0.816739
1.0100000000000002,0.598462,0.848793
0.9100000000000001,0.582114,0.878921
0.9300000000000002,0.645815,0.819892
0.9900000000000001,0.631833,0.847887
0.9100000000000001,0.664883,0.845297
1.1500000000000001,0.649077,0.875507
1.0500000000000003,0.683021,0.874507
1.0100000000000002,0.69748,0.844101
1.0100000000000002,0.730738,0.841987
1.1100000000000003,0.715446,0.873189
1.0700000000000003,0.763433,0.838707
0.9700000000000001,0.79547,0.841083
1.0100000000000002,0.749037,0.871193
0.9900000000000001,0.782924,0.870532
0.9300000000000002,0.857543,0.823133
0.9700000000000001,0.829107,0.835417
0.9500000000000002,0.817765,0.864835
0.9900000000000001,0.849398,0.859509
0.8300000000000001,0.875599,0.844696
0.9300000000000002,0.907157,0.842446
1.1300000000000001,0.893913,0.872664
1.0300000000000002,0.928803,0.870365
0.8900000000000001,0.992957,0.860284
1.0500000000000003,0.938876,0.837246
0.8900000000000001,0.973646,0.834191
1.0700000000000003,0.961646,0.864684
1.0300000000000002,0.0133186,0.885264
1.0900000000000003,0.0352374,0.911936
0.9300000000000002,0.00222541,0.918813
0.9900000000000001,0.0611289,0.935512
0.9900000000000001,0.0671679,0.904466
0.9500000000000002,0.0998935,0.897736
1.0100000000000002,0.0934927,0.929163
0.8500000000000001,0.122615,0.919532
1.1300000000000001,0.135675,0.889209
0.8700000000000001,0.159212,0.913675
1.0700000000000003,0.14475,0.942055
0.9100000000000001,0.177978,0.942478
1.1100000000000003,0.190568,0.910404
1.0300000000000002,0.223905,0.906995
0.9900000000000001,0.209903,0.93696
1.2100000000000002,0.277181,0.88196
1.1100000000000003,0.258564,0.911984
0.81,0.294486,0.916068
1.0900000000000003,0.274774,0.944192
1.1300000000000001,0.312416,0.880439
1.0500000000000003,0.349519,0.881168
1.0900000000000003,0.326192,0.911161
1.0100000000000002,0.363189,0.912372
0.9100000000000001,0.310946,0.941648
1.0500000000000003,0.382641,0.882452
1.0700000000000003,0.415804,0.880874
0.9300000000000002,0.398494,0.911165
1.1100000000000003,0.430393,0.910874
1.0100000000000002,0.448101,0.878206
1.0900000000000003,0.481024,0.878572
1.1300000000000001,0.4656,0.907952
0.8900000000000001,0.51564,0.876807
1.0300000000000002,0.547072,0.878864
0.9900000000000001,0.501234,0.904767
0.8900000000000001,0.532467,0.906298
1.0700000000000003,0.520049,0.934754
1.0300000000000002,0.613684,0.879409
1.1100000000000003,0.566563,0.907908
0.9700000000000001,0.600927,0.910446
1.0500000000000003,0.633467,0.907173
1.0900000000000003,0.669761,0.905677
1.0300000000000002,0.652566,0.936104
0.8700000000000001,0.700925,0.904102
1.0500000000000003,0.733813,0.902554
0.9900000000000001,0.686634,0.93424
0.79,0.718376,0.930166
0.9900000000000001,0.768586,0.901135
1.1100000000000003,0.802169,0.897021
1.0500000000000003,0.789634,0.930138
0.9900000000000001,0.754482,0.930706
1.0300000000000002,0.836002,0.892763
0.9500000000000002,0.858058,0.918183
0.9100000000000001,0.865802,0.885646
1.0500000000000003,0.825681,0.92476
1.0300000000000002,0.889021,0.907779
0.9300000000000002,0.918123,0.899657
1.0100000000000002,0.880652,0.940198
0.8300000000000001,0.91034,0.928914
0.8900000000000001,0.949253,0.894517
0.9900000000000001,0.979941,0.89507
0.8700000000000001,0.937097,0.921116
1.1900000000000002,0.970031,0.932668
0.9700000000000001,0.0404905,0.998626
1.0100000000000002,0.0165919,0.976933
1.0900000000000003,0.048085,0.967245
0.9900000000000001,0.0223187,0.945355
0.8900000000000001,0.0719292,0.988052
1.0700000000000003,0.102408,0.987219
0.9300000000000002,0.0815536,0.959789
0.9100000000000001,0.11286,0.954222
0.77,0.153828,0.999308
1.0300000000000002,0.184699,0.999013
1.0700000000000003,0.135526,0.97632
0.9300000000000002,0.168493,0.971347
1.0100000000000002,0.218621,0.998356
0.9100000000000001,0.235174,0.971637
1.0700000000000003,0.201933,0.968263
0.9900000000000001,0.241722,0.942149
0.81,0.248164,0.998413
0.8700000000000001,0.27791,1.00029
0.8300000000000001,0.307687,1.00191
0.8700000000000001,0.26344,0.974441
1.0900000000000003,0.296089,0.971225
0.9700000000000001,0.337629,0.995278
0.8900000000000001,0.328681,0.96758
1.0500000000000003,0.363713,0.975601
1.0700000000000003,0.345748,0.941426
0.8500000000000001,0.386183,1.00224
1.0900000000000003,0.397926,0.97293
1.0700000000000003,0.382583,0.940056
0.9700000000000001,0.41449,0.942352
1.1300000000000001,0.4332,0.974057
0.9100000000000001,0.448736,1.0042
1.1300000000000001,0.482696,1.00247
1.0100000000000002,0.466664,0.971307
1.0300000000000002,0.448645,0.942107
1.1700000000000002,0.485307,0.939208
0.9500000000000002,0.520877,1.00108
0.9700000000000001,0.552917,1.00039
1.1900000000000002,0.503702,0.970528
0.9900000000000001,0.538844,0.974129
1.0900000000000003,0.553911,0.939139
0.9100000000000001,0.585639,0.994685
1.0100000000000002,0.571193,0.96754
1.0300000000000002,0.604579,0.967873
0.9700000000000001,0.589629,0.938526
1.0100000000000002,0.621106,0.938125
1.1100000000000003,0.620809,0.997672
1.0700000000000003,0.657066,0.995301
0.9700000000000001,0.638605,0.966151
0.9700000000000001,0.67101,0.96232
0.9900000000000001,0.691629,0.990237
1.0500000000000003,0.725492,0.988952
0.9500000000000002,0.703283,0.960388
0.9900000000000001,0.734993,0.955787
0.8300000000000001,0.755679,0.98071
0.81,0.784882,0.981295
0.9500000000000002,0.769542,0.956033
1.0100000000000002,0.812117,0.995506
1.0900000000000003,0.8682,1.0048
0.9900000000000001,0.842136,0.982781
1.2100000000000002,0.81037,0.960324
0.9500000000000002,0.847287,0.950067
0.9900000000000001,0.900961,0.995475
0.9700000000000001,0.873613,0.972349
1.0300000000000002,0.905714,0.961111
0.9900000000000001,0.933861,0.981567
0.9700000000000001,0.988033,0.990005
1.0700000000000003,0.959325,1.00394
0.8500000000000001,0.993027,0.956549
0.9100000000000001,0.936139,0.950608
1.0100000000000002,0.963198,0.967995
sigma, x , y
0.9900000000000001,0.0112274,0.0121933
0.9700000000000001,0.0380056,0.030803
1.1500000000000001,0.0103569,0.0483747
1.0900000000000003,0.0405909,0.0665815
0.79,0.0634304,0.0141576
0.9100000000000001,0.0920453,0.0170296
1.1300000000000001,0.0714171,0.0437188
0.9500000000000002,0.1083,0.0451316
1.0900000000000003,0.127403,0.0156312
0.9500000000000002,0.165157,0.0238599
1.0900000000000003,0.142907,0.0478987
1.0100000000000002,0.177339,0.0546385
0.9300000000000002,0.195846,0.0281918
1.0700000000000003,0.230857,0.0296637
0.9900000000000001,0.209061,0.0576559
1.0700000000000003,0.243874,0.0608325
0.9100000000000001,0.26112,0.0249566
0.9300000000000002,0.292286,0.0270767
1.0300000000000002,0.276448,0.0523532
1.1300000000000001,0.310245,0.0553069
0.9300000000000002,0.324341,0.0256122
1.29,0.360245,0.0242477
0.9500000000000002,0.343372,0.057535
0.9300000000000002,0.416428,0.00220038
0.9900000000000001,0.398301,0.0305695
1.0700000000000003,0.432438,0.0338622
1.0500000000000003,0.377511,0.0606523
1.1100000000000003,0.412348,0.0631913
1.0300000000000002,0.467008,0.0354833
1.0900000000000003,0.451324,0.0655563
0.9500000000000002,0.487431,0.0618218
1.1300000000000001,0.502276,0.0308734
0.9500000000000002,0.536964,0.0287435
1.0100000000000002,0.520018,0.0589159
1.0500000000000003,0.554983,0.0566175
0.8900000000000001,0.567108,0.0279265
1.0100000000000002,0.59783,0.0240444
0.8900000000000001,0.585183,0.0553169
0.8700000000000001,0.614668,0.0474367
1.0100000000000002,0.640687,0.0272918
1.0700000000000003,0.678079,0.0227383
1.1100000000000003,0.664155,0.0538609
1.0100000000000002,0.713127,0.0213368
0.9700000000000001,0.736368,0.0478767
1.0700000000000003,0.699089,0.0518796
1.1900000000000002,0.751089,0.0129551
0.7500000000000001,0.784194,0.00804665
1.1300000000000001,0.77513,0.0392333
0.9100000000000001,0.807116,0.0278414
1.0100000000000002,0.798229,0.0665571
0.9900000000000001,0.836646,0.0177424
1.0500000000000003,0.860008,0.0403138
1.0100000000000002,0.827997,0.0516518
1.0100000000000002,0.894095,0.0274993
1.0900000000000003,0.92559,0.0161781
1.0900000000000003,0.919332,0.0503549
1.0300000000000002,0.88734,0.0629113
0.9500000000000002,0.981864,0.0287303
1.0100000000000002,0.951545,0.0399944
0.9500000000000002,0.976264,0.0617916
0.9900000000000001,0.0292036,0.0973637
1.0100000000000002,0.00098439,0.0811461
0.9100000000000001,0.0205313,0.130921
0.8700000000000001,0.047396,0.121701
1.0300000000000002,0.0643374,0.0942717
1.0100000000000002,0.087373,0.0726962
1.0500000000000003,0.0996828,0.102262
1.0900000000000003,0.121376,0.0754671
1.0300000000000002,0.0770419,0.126628
0.9700000000000001,0.154992,0.0791131
1.2100000000000002,0.135216,0.10806
0.9500000000000002,0.172148,0.111849
0.9700000000000001,0.189687,0.0864323
0.9700000000000001,0.22118,0.0881359
0.9300000000000002,0.204329,0.117297
0.9700000000000001,0.23622,0.116423
0.9300000000000002,0.25327,0.0900611
1.1300000000000001,0.285363,0.0856116
0.8700000000000001,0.267723,0.117374
0.9900000000000001,0.302513,0.116227
1.1100000000000003,0.322256,0.0900249
1.1100000000000003,0.357833,0.0898766
0.9500000000000002,0.335107,0.122307
1.1700000000000002,0.371117,0.123025
1.0700000000000003,0.392501,0.0920317
1.2300000000000002,0.430785,0.0974938
1.0900000000000003,0.407576,0.127175
1.0900000000000003,0.469351,0.0973699
0.9500000000000002,0.502686,0.0875927
1.2100000000000002,0.537292,0.0900774
0.9900000000000001,0.50058,0.118739
1.0500000000000003,0.533031,0.127652
0.8900000000000001,0.604789,0.0751907
0.9100000000000001,0.572585,0.0828781
1.0700000000000003,0.597439,0.105885
1.0500000000000003,0.565184,0.115605
0.9100000000000001,0.63575,0.0680175
0.9500000000000002,0.630726,0.0967449
0.8700000000000001,0.659279,0.0876589
1.1300000000000001,0.65224,0.12063
0.8900000000000001,0.719923,0.0762789
0.9500000000000002,0.688672,0.0841616
0.9100000000000001,0.710914,0.105517
1.0900000000000003,0.742984,0.101086
0.8900000000000001,0.683994,0.115257
1.1900000000000002,0.764587,0.0749401
1.0700000000000003,0.791416,0.100372
0.8700000000000001,0.765864,0.121371
0.9500000000000002,0.854718,0.0720623
1.0500000000000003,0.825028,0.0854631
1.0700000000000003,0.85396,0.106947
1.0300000000000002,0.820384,0.11978
0.8500000000000001,0.882176,0.0950992
1.0700000000000003,0.912421,0.0845877
0.9500000000000002,0.874252,0.130098
0.9900000000000001,0.906198,0.118518
1.0700000000000003,0.938075,0.109407
0.9100000000000001,0.943391,0.0733825
1.0900000000000003,0.970096,0.0942897
0.8500000000000001,0.998969,0.113398
0.9700000000000001,0.969168,0.128415
0.9900000000000001,0.0195069,0.161754
1.1500000000000001,0.053705,0.153503
1.0300000000000002,0.0358251,0.189098
0.9300000000000002,0.109216,0.133367
1.0300000000000002,0.0888428,0.158868
1.0900000000000003,0.070104,0.187632
1.0300000000000002,0.105484,0.18973
1.0700000000000003,0.124737,0.161947
0.9300000000000002,0.150222,0.138473
1.0500000000000003,0.183102,0.142682
0.9500000000000002,0.163385,0.16907
0.9300000000000002,0.218192,0.143861
0.9900000000000001,0.195805,0.170659
0.9300000000000002,0.229797,0.170828
0.9100000000000001,0.248747,0.146293
1.0700000000000003,0.281518,0.144009
1.0700000000000003,0.263997,0.174383
0.9100000000000001,0.29772,0.174208
0.9700000000000001,0.316049,0.147833
1.0100000000000002,0.348062,0.1506
0.9700000000000001,0.328417,0.178412
1.1500000000000001,0.362384,0.183848
1.0500000000000003,0.383549,0.156255
1.0500000000000003,0.418845,0.159934
1.1500000000000001,0.397113,0.192169
0.8900000000000001,0.428823,0.189196
1.0300000000000002,0.443753,0.132572
1.0100000000000002,0.475083,0.137999
1.0500000000000003,0.451529,0.165512
1.1300000000000001,0.486095,0.173358
0.8500000000000001,0.506197,0.148756
0.8500000000000001,0.533468,0.159459
0.8500000000000001,0.559703,0.146954
1.0300000000000002,0.51846,0.185455
0.9100000000000001,0.549877,0.184607
0.9900000000000001,0.58957,0.140069
0.9700000000000001,0.612462,0.162691
1.1500000000000001,0.579365,0.172155
0.9900000000000001,0.619604,0.133156
0.9100000000000001,0.644862,0.153432
0.9700000000000001,0.677078,0.144982
1.1700000000000002,0.636285,0.187677
1.0500000000000003,0.668978,0.175714
0.8700000000000001,0.70678,0.136425
0.9300000000000002,0.731002,0.160988
0.8700000000000001,0.735052,0.13243
0.9500000000000002,0.701406,0.16769
1.0500000000000003,0.792658,0.137996
0.9500000000000002,0.760742,0.150834
1.0100000000000002,0.785932,0.171948
0.9700000000000001,0.755923,0.18361
0.9300000000000002,0.816994,0.159818
0.9900000000000001,0.845645,0.142428
0.9900000000000001,0.811076,0.192415
0.9900000000000001,0.841043,0.1789
1.0900000000000003,0.872348,0.162259
1.1300000000000001,0.905253,0.152178
0.9500000000000002,0.930844,0.173166
1.0500000000000003,0.896751,0.186046
0.9100000000000001,0.935762,0.141364
0.9300000000000002,0.99231,0.147975
0.9500000000000002,0.96073,0.160342
1.1100000000000003,0.991306,0.182758
1.0100000000000002,0.956155,0.192089
1.1700000000000002,0.0114583,0.21282
1.0100000000000002,0.0498833,0.218797
1.1700000000000002,0.0263555,0.245651
1.0700000000000003,0.0843123,0.221178
1.1300000000000001,0.12092,0.224411
1.1300000000000001,0.0620722,0.251159
1.0300000000000002,0.0960211,0.251972
1.0300000000000002,0.142142,0.1922
0.79,0.174586,0.194783
0.8900000000000001,0.152146,0.22108
1.0300000000000002,0.184173,0.224594
1.0300000000000002,0.207171,0.199847
0.9900000000000001,0.243561,0.198632
1.0500000000000003,0.218176,0.232138
0.9500000000000002,0.277307,0.204358
0.8700000000000001,0.291583,0.230467
1.1500000000000001,0.254764,0.230696
1.1100000000000003,0.311165,0.205167
0.9300000000000002,0.344527,0.211147
0.8900000000000001,0.321598,0.235687
1.0300000000000002,0.353708,0.241927
0.9300000000000002,0.376303,0.218048
1.0700000000000003,0.407221,0.231367
0.9700000000000001,0.384968,0.256576
0.9300000000000002,0.435614,0.219075
1.0700000000000003,0.46018,0.199905
0.9900000000000001,0.493444,0.206265
1.0300000000000002,0.47171,0.234073
0.9700000000000001,0.442243,0.249682
1.1500000000000001,0.53509,0.215846
0.9700000000000001,0.505647,0.233823
1.0700000000000003,0.528459,0.256087
1.0500000000000003,0.602147,0.199548
1.0100000000000002,0.568481,0.208421
1.1100000000000003,0.59302,0.233845
1.0100000000000002,0.558904,0.243716
1.0700000000000003,0.625716,0.224756
1.0100000000000002,0.66048,0.213735
1.1300000000000001,0.650433,0.248956
1.0700000000000003,0.722403,0.193479
1.0300000000000002,0.690071,0.203916
1.0900000000000003,0.719219,0.226316
1.0300000000000002,0.685745,0.237273
1.0300000000000002,0.751806,0.21671
0.9700000000000001,0.781891,0.204154
1.1300000000000001,0.807462,0.226512
1.0100000000000002,0.742537,0.251502
1.0700000000000003,0.775082,0.244296
0.9900000000000001,0.838893,0.213357
1.0300000000000002,0.867582,0.199092
0.9700000000000001,0.865663,0.232334
0.9500000000000002,0.835148,0.247508
1.0300000000000002,0.895332,0.219545
0.9500000000000002,0.924146,0.203685
1.0100000000000002,0.893045,0.25193
1.0500000000000003,0.922627,0.238067
0.9300000000000002,0.978211,0.214832
0.8900000000000001,0.949778,0.223598
1.0700000000000003,0.988548,0.244678
1.1500000000000001,0.954209,0.255445
1.0700000000000003,0.00938963,0.276345
1.0300000000000002,0.04319,0.281273
1.0500000000000003,0.0211109,0.307799
1.0500000000000003,0.0588761,0.309161
0.9900000000000001,0.0788687,0.282313
1.0100000000000002,0.110177,0.283449
0.9700000000000001,0.0916385,0.312593
1.0300000000000002,0.130068,0.25783
1.1500000000000001,0.165698,0.254314
0.8300000000000001,0.145081,0.285581
1.0300000000000002,0.180532,0.285509
1.0900000000000003,0.125668,0.313923
1.0900000000000003,0.160554,0.313942
0.8700000000000001,0.197699,0.256241
0.79,0.234644,0.260398
1.0300000000000002,0.214631,0.283449
0.8900000000000001,0.246796,0.286795
0.8900000000000001,0.297256,0.259137
0.9700000000000001,0.26723,0.263533
0.9500000000000002,0.275865,0.295678
0.8900000000000001,0.304231,0.287541
1.0300000000000002,0.328655,0.266061
1.0500000000000003,0.360286,0.280196
0.9500000000000002,0.332746,0.298163
0.9900000000000001,0.364006,0.314191
0.79,0.414002,0.259558
1.1900000000000002,0.396425,0.291653
0.9500000000000002,0.431742,0.282086
1.0500000000000003,0.422466,0.314758
0.9300000000000002,0.461237,0.273057
1.0700000000000003,0.494131,0.263232
0.9900000000000001,0.485848,0.296299
0.9700000000000001,0.455355,0.303523
1.0300000000000002,0.518725,0.287314
0.8500000000000001,0.550166,0.281792
0.9500000000000002,0.539809,0.310349
1.1700000000000002,0.581518,0.270323
1.0700000000000003,0.618074,0.261151
0.9700000000000001,0.608519,0.292643
1.0900000000000003,0.572579,0.306364
1.0300000000000002,0.643129,0.283475
1.1300000000000001,0.677271,0.275012
1.1500000000000001,0.665865,0.312833
1.0300000000000002,0.710661,0.260299
1.1900000000000002,0.736842,0.286871
1.0100000000000002,0.703519,0.294593
0.9500000000000002,0.725488,0.31971
0.9500000000000002,0.769862,0.27739
0.9900000000000001,0.797091,0.296752
1.0700000000000003,0.804037,0.262929
1.1700000000000002,0.765665,0.315648
1.0900000000000003,0.861708,0.265853
0.9300000000000002,0.831442,0.281277
1.0900000000000003,0.828903,0.313718
1.0500000000000003,0.860582,0.300804
1.0100000000000002,0.890776,0.288402
1.0500000000000003,0.921599,0.273133
0.9300000000000002,0.917181,0.306339
0.8300000000000001,0.978625,0.274535
1.0100000000000002,0.950626,0.292314
1.1100000000000003,0.986378,0.305177
1.0100000000000002,0.0395086,0.337468
0.9500000000000002,0.00490627,0.337707
1.0100000000000002,0.0194632,0.366241
1.0300000000000002,0.0521105,0.368022
1.0100000000000002,0.0743338,0.338866
0.9100000000000001,0.109843,0.34308
1.1300000000000001,0.0870479,0.370253
0.9900000000000001,0.14202,0.343867
1.2100000000000002,0.177937,0.346442
1.0500000000000003,0.12325,0.373441
1.1300000000000001,0.157917,0.375809
1.0500000000000003,0.197521,0.315058
1.0300000000000002,0.233661,0.316333
0.9500000000000002,0.213861,0.34358
1.1100000000000003,0.228714,0.375308
0.9500000000000002,0.246861,0.346858
0.9100000000000001,0.265382,0.322309
1.0300000000000002,0.301809,0.319179
1.0100000000000002,0.282452,0.349158
1.1300000000000001,0.263903,0.378854
0.9700000000000001,0.298561,0.38111
0.8500000000000001,0.334375,0.327563
1.0300000000000002,0.31449,0.352346
1.2500000000000002,0.356324,0.351933
0.9100000000000001,0.366457,0.387066
1.0300000000000002,0.390882,0.332592
0.9300000000000002,0.419315,0.347796
1.1100000000000003,0.39283,0.369269
0.9500000000000002,0.422623,0.37983
0.9900000000000001,0.47934,0.326542
1.0100000000000002,0.448806,0.336786
0.9100000000000001,0.471961,0.356879
0.9700000000000001,0.453557,0.380434
0.8900000000000001,0.488184,0.37941
0.9900000000000001,0.502396,0.349721
0.9100000000000001,0.509391,0.319507
1.0500000000000003,0.534062,0.342199
0.9700000000000001,0.520135,0.376493
1.2300000000000002,0.555619,0.371761
1.0900000000000003,0.599636,0.3261
0.9500000000000002,0.566812,0.339225
1.0700000000000003,0.591524,0.363588
0.7500000000000001,0.620455,0.347827
0.9900000000000001,0.631269,0.315582
0.9700000000000001,0.64713,0.344643
0.9300000000000002,0.679539,0.350081
1.1100000000000003,0.620912,0.380713
1.0500000000000003,0.658181,0.375759
0.8700000000000001,0.695432,0.323976
0.9900000000000001,0.712924,0.349788
0.8900000000000001,0.742116,0.3437
1.1100000000000003,0.696418,0.378134
1.1300000000000001,0.739327,0.376756
1.0300000000000002,0.796349,0.332057
1.0300000000000002,0.771118,0.352945
0.8500000000000001,0.798025,0.366397
1.0500000000000003,0.826733,0.347667
1.0300000000000002,0.857084,0.335543
0.9900000000000001,0.827641,0.379967
0.9100000000000001,0.855627,0.366112
0.9700000000000001,0.888123,0.321202
0.9900000000000001,0.915412,0.338684
0.9500000000000002,0.886006,0.353163
0.8500000000000001,0.91241,0.368109
0.9700000000000001,0.944377,0.324011
0.9500000000000002,0.973698,0.335928
1.0300000000000002,0.944652,0.356388
0.9900000000000001,0.986025,0.363529
0.9700000000000001,0.0346046,0.397477
1.0100000000000002,0.00219529,0.393317
1.0500000000000003,0.0144442,0.423785
1.0300000000000002,0.0501912,0.426449
1.0300000000000002,0.0678597,0.398692
1.0100000000000002,0.10347,0.402179
0.9500000000000002,0.0827859,0.42751
0.9700000000000001,0.118264,0.430333
0.9500000000000002,0.137507,0.403333
1.0300000000000002,0.17087,0.410173
0.9100000000000001,0.149076,0.433271
1.0700000000000003,0.194516,0.38108
0.9300000000000002,0.211008,0.408876
1.0100000000000002,0.241758,0.409564
0.9100000000000001,0.191522,0.434341
1.0300000000000002,0.223452,0.439343
1.1300000000000001,0.278093,0.411986
1.1500000000000001,0.257707,0.440253
0.8700000000000001,0.29379,0.442529
1.0500000000000003,0.31275,0.410682
0.9700000000000001,0.331262,0.381356
1.0500000000000003,0.345835,0.411747
0.9900000000000001,0.326556,0.44099
0.9900000000000001,0.358644,0.442866
0.9300000000000002,0.401973,0.402341
0.81,0.375794,0.416834
0.8900000000000001,0.387486,0.44261
1.1500000000000001,0.419265,0.436068
0.9700000000000001,0.437242,0.407447
1.0300000000000002,0.472053,0.406558
1.0500000000000003,0.455637,0.435805
1.0700000000000003,0.493779,0.436189
1.0100000000000002,0.506871,0.404721
0.8500000000000001,0.538526,0.401338
0.9900000000000001,0.527503,0.430278
1.0500000000000003,0.58305,0.398476
0.79,0.610086,0.408998
1.1500000000000001,0.560833,0.424785
0.9300000000000002,0.594256,0.43301
1.0700000000000003,0.642704,0.407289
1.0900000000000003,0.677729,0.407909
0.9500000000000002,0.62457,0.435143
0.9100000000000001,0.65917,0.4365
0.9500000000000002,0.715625,0.404079
1.1300000000000001,0.696379,0.437571
0.9900000000000001,0.7326,0.438063
1.0300000000000002,0.750947,0.411372
0.9900000000000001,0.771914,0.386518
0.8500000000000001,0.801548,0.392513
0.8500000000000001,0.7836,0.414213
1.0300000000000002,0.767287,0.440196
1.0100000000000002,0.856601,0.396232
1.1700000000000002,0.826202,0.414575
0.9100000000000001,0.8545,0.428726
0.8500000000000001,0.88641,0.383275
0.9900000000000001,0.912251,0.407907
0.9100000000000001,0.882578,0.413899
0.8900000000000001,0.934349,0.386825
0.9300000000000002,0.896245,0.439283
1.0100000000000002,0.965488,0.387991
1.0900000000000003,0.94431,0.418961
1.0900000000000003,0.979969,0.420801
1.0500000000000003,0.0283368,0.454249
1.1100000000000003,0.0047059,0.481328
1.0700000000000003,0.0423538,0.485202
0.9500000000000002,0.0607634,0.459531
1.1500000000000001,0.0974788,0.459628
1.1900000000000002,0.0776464,0.491152
1.0900000000000003,0.115702,0.492462
0.9900000000000001,0.134289,0.463486
1.2500000000000002,0.170748,0.461171
1.1700000000000002,0.152405,0.494007
0.9500000000000002,0.208703,0.467744
0.9700000000000001,0.240413,0.470668
1.0900000000000003,0.188681,0.494478
0.9100000000000001,0.22227,0.498136
1.1100000000000003,0.275827,0.471208
0.9300000000000002,0.255425,0.498081
0.9900000000000001,0.291017,0.500615
1.0500000000000003,0.311611,0.470882
0.8700000000000001,0.342992,0.469973
0.8900000000000001,0.327936,0.497509
0.9100000000000001,0.358606,0.498281
1.0100000000000002,0.373202,0.471075
1.1300000000000001,0.406618,0.47051
1.0100000000000002,0.391997,0.500642
0.9900000000000001,0.424739,0.499291
0.9500000000000002,0.439598,0.46422
0.9300000000000002,0.473497,0.463863
0.9300000000000002,0.489587,0.490122
0.9900000000000001,0.455727,0.492869
0.8500000000000001,0.504988,0.463908
1.0300000000000002,0.539396,0.45967
0.9700000000000001,0.522802,0.491621
1.1500000000000001,0.558714,0.490195
1.0100000000000002,0.572515,0.458724
0.9900000000000001,0.606593,0.463147
1.0100000000000002,0.592602,0.4927
1.0700000000000003,0.641026,0.464677
1.0300000000000002,0.675376,0.467748
0.9300000000000002,0.62372,0.493014
1.1300000000000001,0.656988,0.496726
1.0300000000000002,0.711476,0.466956
1.0900000000000003,0.745181,0.467919
1.0900000000000003,0.694757,0.496764
0.9500000000000002,0.730522,0.497374
1.0900000000000003,0.802039,0.442648
0.9900000000000001,0.779919,0.470748
0.8700000000000001,0.760943,0.495148
0.9500000000000002,0.791433,0.500211
1.0300000000000002,0.812902,0.476424
0.9300000000000002,0.835102,0.450503
0.9500000000000002,0.846136,0.481156
1.0900000000000003,0.869653,0.458291
0.9300000000000002,0.901613,0.469474
0.8300000000000001,0.92372,0.442589
1.1300000000000001,0.877143,0.49398
1.0500000000000003,0.914406,0.50156
0.9300000000000002,0.991696,0.451344
1.0700000000000003,0.933409,0.47349
0.9100000000000001,0.957955,0.449158
1.0500000000000003,0.968794,0.478121
1.1100000000000003,0.0187711,0.51494
0.9700000000000001,0.053228,0.517021
1.1100000000000003,0.0340399,0.547586
1.1700000000000002,-0.00277597,0.544254
1.1100000000000003,0.0998104,0.524599
1.0900000000000003,0.0692874,0.542887
0.8900000000000001,0.089615,0.567405
0.9900000000000001,0.117486,0.553947
0.9700000000000001,0.131554,0.523627
1.0900000000000003,0.170608,0.524368
0.9700000000000001,0.151638,0.551118
1.0700000000000003,0.204225,0.525169
1.1100000000000003,0.23884,0.52629
1.0900000000000003,0.183321,0.557133
0.9700000000000001,0.219413,0.557756
0.9900000000000001,0.272132,0.526817
0.9900000000000001,0.253737,0.558669
1.1100000000000003,0.286797,0.557572
1.1100000000000003,0.308439,0.529294
1.0100000000000002,0.342727,0.52638
0.9100000000000001,0.323323,0.558752
1.0700000000000003,0.355998,0.556443
1.0500000000000003,0.374134,0.526495
0.81,0.406477,0.528738
1.0500000000000003,0.391063,0.555548
0.9500000000000002,0.423352,0.553963
0.8700000000000001,0.437686,0.52671
1.0700000000000003,0.46948,0.520853
0.9100000000000001,0.453315,0.551713
0.9700000000000001,0.48627,0.551884
1.0500000000000003,0.504755,0.51829
1.1900000000000002,0.5407,0.521223
1.0500000000000003,0.517866,0.548683
0.8900000000000001,0.559446,0.550776
0.9900000000000001,0.576447,0.523609
0.9900000000000001,0.608508,0.524532
0.8700000000000001,0.591663,0.553286
1.0300000000000002,0.625505,0.552949
0.9500000000000002,0.641326,0.52569
1.0100000000000002,0.674998,0.526035
0.9900000000000001,0.658327,0.553147
0.8900000000000001,0.709871,0.52337
0.9500000000000002,0.744435,0.523764
1.0700000000000003,0.692404,0.553583
1.0500000000000003,0.725733,0.55071
0.8900000000000001,0.774364,0.523816
1.1300000000000001,0.796826,0.544669
1.0500000000000003,0.760102,0.550661
1.1700000000000002,0.825375,0.509694
0.9700000000000001,0.858449,0.522815
1.0500000000000003,0.831602,0.549706
1.2300000000000002,0.869552,0.557018
1.1100000000000003,0.891546,0.527552
0.9700000000000001,0.926661,0.531538
1.0100000000000002,0.906256,0.559663
1.1100000000000003,0.982271,0.510335
0.9300000000000002,0.94809,0.504078
0.9300000000000002,0.958018,0.533522
0.9900000000000001,0.939064,0.560545
0.8700000000000001,0.967345,0.560758
1.1300000000000001,0.0223178,0.579432
1.0100000000000002,0.0569062,0.573379
1.1300000000000001,0.0462314,0.607902
1.0900000000000003,0.0102056,0.612299
0.9700000000000001,0.0825229,0.596423
0.8500000000000001,0.110866,0.585622
0.9900000000000001,0.0790707,0.627022
0.9700000000000001,0.108292,0.615251
0.8300000000000001,0.138359,0.578174
1.0500000000000003,0.167325,0.590109
0.8500000000000001,0.136755,0.604874
0.8700000000000001,0.159741,0.621131
1.0500000000000003,0.201751,0.587499
1.0700000000000003,0.23551,0.588766
0.9500000000000002,0.188421,0.617514
0.9700000000000001,0.220471,0.61743
0.9700000000000001,0.2706,0.588438
1.0100000000000002,0.305488,0.585799
1.0500000000000003,0.253752,0.618016
0.9300000000000002,0.287815,0.615002
1.0500000000000003,0.340743,0.587779
0.8700000000000001,0.35598,0.616823
1.0700000000000003,0.319632,0.615107
0.8900000000000001,0.372999,0.584908
1.0100000000000002,0.408222,0.583344
1.1300000000000001,0.388551,0.614152
0.9700000000000001,0.422448,0.61546
0.8700000000000001,0.437465,0.584287
1.0900000000000003,0.468231,0.581876
1.1700000000000002,0.489707,0.611284
1.0100000000000002,0.454245,0.613196
1.0500000000000003,0.505095,0.580312
1.0100000000000002,0.539855,0.57558
1.0900000000000003,0.528597,0.607988
0.8300000000000001,0.560172,0.609641
1.0500000000000003,0.572397,0.580941
0.9100000000000001,0.610184,0.577884
1.0900000000000003,0.594001,0.608058
1.0300000000000002,0.641482,0.582203
0.9700000000000001,0.675863,0.580157
0.7500000000000001,0.658521,0.611477
1.0300000000000002,0.627376,0.611923
0.8900000000000001,0.711657,0.582513
1.0300000000000002,0.689604,0.608259
0.9700000000000001,0.722148,0.610342
1.0300000000000002,0.743217,0.582802
1.0900000000000003,0.77871,0.579718
0.8900000000000001,0.755707,0.611609
0.9700000000000001,0.790524,0.610398
0.9700000000000001,0.812274,0.577554
1.0100000000000002,0.844751,0.581127
1.0100000000000002,0.822578,0.608843
0.79,0.853516,0.608454
1.1700000000000002,0.88438,0.594221
1.0300000000000002,0.922039,0.592359
1.1300000000000001,0.909274,0.624595
1.0700000000000003,0.988246,0.585873
1.0500000000000003,0.955854,0.590394
1.0700000000000003,0.94322,0.623289
0.9500000000000002,0.976507,0.619281
0.9700000000000001,0.0257244,0.642347
0.8500000000000001,0.0541262,0.641886
0.9100000000000001,0.0474841,0.669473
1.0300000000000002,0.0156322,0.671912
0.9900000000000001,0.0768104,0.660922
0.9700000000000001,0.104674,0.647028
1.0500000000000003,0.0697789,0.693042
0.9700000000000001,0.102903,0.681194
1.0100000000000002,0.135166,0.636709
1.1900000000000002,0.166586,0.656184
0.9700000000000001,0.130948,0.668518
1.1500000000000001,0.156575,0.692777
1.0500000000000003,0.203613,0.65029
0.9700000000000001,0.236534,0.647097
0.9700000000000001,0.22592,0.67557
0.9900000000000001,0.192917,0.681236
0.9100000000000001,0.270854,0.643909
0.8700000000000001,0.255949,0.67258
1.0500000000000003,0.286947,0.671603
0.9500000000000002,0.303416,0.644772
1.1500000000000001,0.338543,0.646163
0.9500000000000002,0.321066,0.675109
0.9500000000000002,0.373438,0.643947
1.0100000000000002,0.355653,0.676141
0.9900000000000001,0.406637,0.644233
1.0100000000000002,0.387618,0.673329
1.0500000000000003,0.421329,0.675333
0.9300000000000002,0.438461,0.642022
0.9700000000000001,0.47252,0.643268
1.1300000000000001,0.454797,0.672641
1.0700000000000003,0.488636,0.67101
1.1100000000000003,0.540852,0.640499
1.0300000000000002,0.507061,0.642981
1.1300000000000001,0.524047,0.673379
0.9900000000000001,0.560741,0.666719
1.0500000000000003,0.575077,0.636934
1.0300000000000002,0.608902,0.639585
1.1100000000000003,0.592676,0.670299
0.9500000000000002,0.641202,0.640362
1.0500000000000003,0.673882,0.637505
0.9500000000000002,0.625114,0.668102
0.9100000000000001,0.659807,0.668002
0.9900000000000001,0.689852,0.666991
0.9300000000000002,0.707337,0.639938
0.9100000000000001,0.741447,0.636605
0.9500000000000002,0.7229,0.667361
0.9900000000000001,0.772991,0.637679
1.0100000000000002,0.755755,0.666826
0.81,0.785511,0.664508
1.1500000000000001,0.807175,0.640754
0.9700000000000001,0.806814,0.6867
0.9500000000000002,0.841972,0.635615
0.9100000000000001,0.828641,0.666579
1.1100000000000003,0.860278,0.663328
1.0500000000000003,0.873807,0.630311
1.0500000000000003,0.894761,0.659166
1.0900000000000003,0.92923,0.655944
1.0100000000000002,0.916848,0.689995
0.9500000000000002,0.995215,0.646065
0.9900000000000001,0.963806,0.650827
1.0100000000000002,0.98159,0.67764
1.0900000000000003,0.950279,0.68579
0.9100000000000001,0.0378631,0.698074
1.0700000000000003,0.00521588,0.704517
0.8700000000000001,0.0264136,0.728157
1.0900000000000003,0.0578808,0.724868
1.1100000000000003,0.0955072,0.715277
1.0300000000000002,0.0845358,0.747517
0.81,0.127229,0.707253
0.9300000000000002,0.147691,0.727279
0.9100000000000001,0.118074,0.739161
0.9700000000000001,0.181004,0.715545
1.1700000000000002,0.178136,0.749805
0.9100000000000001,0.212486,0.705405
0.9500000000000002,0.241066,0.702877
0.9700000000000001,0.246318,0.73225
1.0900000000000003,0.212847,0.737992
0.8700000000000001,0.270658,0.699243
0.9700000000000001,0.303039,0.70132
1.0700000000000003,0.284056,0.727107
1.0700000000000003,0.33727,0.702335
0.9900000000000001,0.32076,0.730372
0.9700000000000001,0.371797,0.703116
1.1500000000000001,0.355545,0.734403
1.0700000000000003,0.405969,0.704737
0.9300000000000002,0.389376,0.733493
1.0300000000000002,0.423907,0.733725
0.9900000000000001,0.437991,0.703992
1.0300000000000002,0.471398,0.703488
0.9300000000000002,0.455989,0.733286
0.9700000000000001,0.487866,0.733601
1.0100000000000002,0.504904,0.703221
0.8700000000000001,0.537393,0.705384
1.0500000000000003,0.521379,0.73178
1.0900000000000003,0.556011,0.731883
1.1300000000000001,0.571331,0.700185
0.9900000000000001,0.609256,0.701983
1.0300000000000002,0.590525,0.72993
0.8900000000000001,0.623956,0.728797
1.0100000000000002,0.64098,0.696867
0.9900000000000001,0.673878,0.696377
1.0900000000000003,0.657599,0.727655
0.9300000000000002,0.689658,0.722903
0.9300000000000002,0.706616,0.693786
0.9900000000000001,0.738971,0.695604
1.0900000000000003,0.722327,0.72427
1.1300000000000001,0.707111,0.755498
1.0500000000000003,0.743835,0.753867
1.1300000000000001,0.773602,0.696618
0.9500000000000002,0.753979,0.724218
0.8700000000000001,0.787644,0.725666
0.8900000000000001,0.775789,0.753731
0.9700000000000001,0.808706,0.748534
1.1100000000000003,0.842462,0.698041
0.8900000000000001,0.814481,0.716288
0.9300000000000002,0.838479,0.734933
0.9700000000000001,0.869135,0.725346
1.1100000000000003,0.882088,0.693011
1.0300000000000002,0.90255,0.721863
1.0100000000000002,0.887341,0.751346
1.0700000000000003,0.923595,0.750831
1.0100000000000002,0.937523,0.718977
1.0700000000000003,0.971762,0.71415
1.0100000000000002,0.996745,0.737509
1.1100000000000003,0.95864,0.750208
0.9700000000000001,0.0240414,0.759585
1.0300000000000002,0.0469407,0.787935
0.8500000000000001,0.0546148,0.756255
0.8700000000000001,0.0152798,0.794286
1.0500000000000003,0.0365175,0.819933
0.9300000000000002,0.0776947,0.778955
1.0700000000000003,0.108474,0.769895
1.0700000000000003,0.0700158,0.811412
0.9300000000000002,0.101494,0.804003
0.9900000000000001,0.142299,0.759853
1.0500000000000003,0.166304,0.784912
1.1500000000000001,0.133505,0.794599
0.9500000000000002,0.23751,0.761651
1.1700000000000002,0.204416,0.777665
0.8500000000000001,0.233849,0.792701
0.9700000000000001,0.187985,0.809651
0.9100000000000001,0.216799,0.81768
0.9100000000000001,0.268997,0.755485
1.1700000000000002,0.301847,0.757997
1.1100000000000003,0.265705,0.787454
1.0300000000000002,0.30163,0.793258
1.0900000000000003,0.338373,0.766448
0.77,0.331377,0.797163
0.8700000000000001,0.36032,0.792656
0.9500000000000002,0.373992,0.763565
0.9900000000000001,0.406809,0.760904
0.9100000000000001,0.42469,0.789538
1.0100000000000002,0.391247,0.790695
0.9300000000000002,0.441727,0.762199
0.8900000000000001,0.472615,0.761285
0.8500000000000001,0.459228,0.787684
1.0900000000000003,0.490542,0.791298
1.0100000000000002,0.444933,0.815397
0.9500000000000002,0.538981,0.761955
1.0300000000000002,0.505821,0.761823
0.8900000000000001,0.522828,0.7898
0.9900000000000001,0.555986,0.789111
1.0300000000000002,0.608805,0.758117
1.0300000000000002,0.572084,0.759632
1.0700000000000003,0.592192,0.786471
0.9700000000000001,0.642478,0.756801
0.9900000000000001,0.67389,0.758897
1.0300000000000002,0.660272,0.788489
1.0300000000000002,0.627571,0.785441
0.9500000000000002,0.677812,0.816714
0.9300000000000002,0.692189,0.788049
0.9900000000000001,0.727394,0.784208
1.0900000000000003,0.711569,0.813373
0.9300000000000002,0.745691,0.811717
0.8900000000000001,0.759382,0.78278
1.1500000000000001,0.796569,0.781676
0.8700000000000001,0.776446,0.808189
0.9100000000000001,0.806028,0.814257
0.8300000000000001,0.858381,0.755098
1.0100000000000002,0.83316,0.770658
1.1500000000000001,0.866842,0.786012
0.9900000000000001,0.8351,0.803461
1.0900000000000003,0.903377,0.781486
1.0100000000000002,0.886894,0.815928
1.0500000000000003,0.921483,0.810484
0.9900000000000001,0.938729,0.781066
0.9500000000000002,0.993895,0.770773
0.7500000000000001,0.965996,0.781114
0.9100000000000001,0.987303,0.803282
0.9900000000000001,0.955064,0.807995
1.0100000000000002,0.00511778,0.8283
1.0300000000000002,0.025741,0.854484
1.0100000000000002,0.0582043,0.843631
0.9100000000000001,0.0457729,0.879028
1.0500000000000003,0.0930161,0.836841
1.0100000000000002,0.112267,0.8631
1.1300000000000001,0.0792934,0.87209
0.9900000000000001,0.125273,0.830083
1.0700000000000003,0.158253,0.823275
0.9700000000000001,0.145739,0.855154
1.1100000000000003,0.169654,0.880928
1.1700000000000002,0.187219,0.846447
1.0300000000000002,0.22505,0.847048
1.1500000000000001,0.207077,0.878014
0.9700000000000001,0.240991,0.877156
1.0500000000000003,0.246987,0.818701
1.0100000000000002,0.280615,0.819952
1.0100000000000002,0.260898,0.850069
1.0100000000000002,0.296168,0.850742
1.0300000000000002,0.315525,0.823051
0.9300000000000002,0.347286,0.820796
1.0100000000000002,0.331926,0.850181
0.9900000000000001,0.364068,0.850354
0.9900000000000001,0.379217,0.821433
1.0300000000000002,0.412186,0.819201
1.1300000000000001,0.398491,0.850573
1.0100000000000002,0.434264,0.848793
1.0100000000000002,0.476124,0.821409
0.7500000000000001,0.465121,0.850587
1.0700000000000003,0.497133,0.847783
0.9300000000000002,0.511106,0.818159
1.0100000000000002,0.543343,0.818462
0.9700000000000001,0.530275,0.847084
1.0100000000000002,0.56394,0.848066
1.1100000000000003,0.575959,0.815975
1.1100000000000003,0.612248,0.816739
1.0100000000000002,0.598462,0.848793
0.9100000000000001,0.582114,0.878921
0.9300000000000002,0.645815,0.819892
0.9900000000000001,0.631833,0.847887
0.9100000000000001,0.664883,0.845297
1.1500000000000001,0.649077,0.875507
1.0500000000000003,0.683021,0.874507
1.0100000000000002,0.69748,0.844101
1.0100000000000002,0.730738,0.841987
1.1100000000000003,0.715446,0.873189
1.0700000000000003,0.763433,0.838707
0.9700000000000001,0.79547,0.841083
1.0100000000000002,0.749037,0.871193
0.9900000000000001,0.782924,0.870532
0.9300000000000002,0.857543,0.823133
0.9700000000000001,0.829107,0.835417
0.9500000000000002,0.817765,0.864835
0.9900000000000001,0.849398,0.859509
0.8300000000000001,0.875599,0.844696
0.9300000000000002,0.907157,0.842446
1.1300000000000001,0.893913,0.872664
1.0300000000000002,0.928803,0.870365
0.8900000000000001,0.992957,0.860284
1.0500000000000003,0.938876,0.837246
0.8900000000000001,0.973646,0.834191
1.0700000000000003,0.961646,0.864684
1.0300000000000002,0.0133186,0.885264
1.0900000000000003,0.0352374,0.911936
0.9300000000000002,0.00222541,0.918813
0.9900000000000001,0.0611289,0.935512
0.9900000000000001,0.0671679,0.904466
0.9500000000000002,0.0998935,0.897736
1.0100000000000002,0.0934927,0.929163
0.8500000000000001,0.122615,0.919532
1.1300000000000001,0.135675,0.889209
0.8700000000000001,0.159212,0.913675
1.0700000000000003,0.14475,0.942055
0.9100000000000001,0.177978,0.942478
1.1100000000000003,0.190568,0.910404
1.0300000000000002,0.223905,0.906995
0.9900000000000001,0.209903,0.93696
1.2100000000000002,0.277181,0.88196
1.1100000000000003,0.258564,0.911984
0.81,0.294486,0.916068
1.0900000000000003,0.274774,0.944192
1.1300000000000001,0.312416,0.880439
1.0500000000000003,0.349519,0.881168
1.0900000000000003,0.326192,0.911161
1.0100000000000002,0.363189,0.912372
0.9100000000000001,0.310946,0.941648
1.0500000000000003,0.382641,0.882452
1.0700000000000003,0.415804,0.880874
0.9300000000000002,0.398494,0.911165
1.1100000000000003,0.430393,0.910874
1.0100000000000002,0.448101,0.878206
1.0900000000000003,0.481024,0.878572
1.1300000000000001,0.4656,0.907952
0.8900000000000001,0.51564,0.876807
1.0300000000000002,0.547072,0.878864
0.9900000000000001,0.501234,0.904767
0.8900000000000001,0.532467,0.906298
1.0700000000000003,0.520049,0.934754
1.0300000000000002,0.613684,0.879409
1.1100000000000003,0.566563,0.907908
0.9700000000000001,0.600927,0.910446
1.0500000000000003,0.633467,0.907173
1.0900000000000003,0.669761,0.905677
1.0300000000000002,0.652566,0.936104
0.8700000000000001,0.700925,0.904102
1.0500000000000003,0.733813,0.902554
0.9900000000000001,0.686634,0.93424
0.79,0.718376,0.930166
0.9900000000000001,0.768586,0.901135
1.1100000000000003,0.802169,0.897021
1.0500000000000003,0.789634,0.930138
0.9900000000000001,0.754482,0.930706
1.0300000000000002,0.836002,0.892763
0.9500000000000002,0.858058,0.918183
0.9100000000000001,0.865802,0.885646
1.0500000000000003,0.825681,0.92476
1.0300000000000002,0.889021,0.907779
0.9300000000000002,0.918123,0.899657
1.0100000000000002,0.880652,0.940198
0.8300000000000001,0.91034,0.928914
0.8900000000000001,0.949253,0.894517
0.9900000000000001,0.979941,0.89507
0.8700000000000001,0.937097,0.921116
1.1900000000000002,0.970031,0.932668
0.9700000000000001,0.0404905,0.998626
1.0100000000000002,0.0165919,0.976933
1.0900000000000003,0.048085,0.967245
0.9900000000000001,0.0223187,0.945355
0.8900000000000001,0.0719292,0.988052
1.0700000000000003,0.102408,0.987219
0.9300000000000002,0.0815536,0.959789
0.9100000000000001,0.11286,0.954222
0.77,0.153828,0.999308
1.0300000000000002,0.184699,0.999013
1.0700000000000003,0.135526,0.97632
0.9300000000000002,0.168493,0.971347
1.0100000000000002,0.218621,0.998356
0.9100000000000001,0.235174,0.971637
1.0700000000000003,0.201933,0.968263
0.9900000000000001,0.241722,0.942149
0.81,0.248164,0.998413
0.8700000000000001,0.27791,1.00029
0.8300000000000001,0.307687,1.00191
0.8700000000000001,0.26344,0.974441
1.0900000000000003,0.296089,0.971225
0.9700000000000001,0.337629,0.995278
0.8900000000000001,0.328681,0.96758
1.0500000000000003,0.363713,0.975601
1.0700000000000003,0.345748,0.941426
0.8500000000000001,0.386183,1.00224
1.0900000000000003,0.397926,0.97293
1.0700000000000003,0.382583,0.940056
0.9700000000000001,0.41449,0.942352
1.1300000000000001,0.4332,0.974057
0.9100000000000001,0.448736,1.0042
1.1300000000000001,0.482696,1.00247
1.0100000000000002,0.466664,0.971307
1.0300000000000002,0.448645,0.942107
1.1700000000000002,0.485307,0.939208
0.9500000000000002,0.520877,1.00108
0.9700000000000001,0.552917,1.00039
1.1900000000000002,0.503702,0.970528
0.9900000000000001,0.538844,0.974129
1.0900000000000003,0.553911,0.939139
0.9100000000000001,0.585639,0.994685
1.0100000000000002,0.571193,0.96754
1.0300000000000002,0.604579,0.967873
0.9700000000000001,0.589629,0.938526
1.0100000000000002,0.621106,0.938125
1.1100000000000003,0.620809,0.997672
1.0700000000000003,0.657066,0.995301
0.9700000000000001,0.638605,0.966151
0.9700000000000001,0.67101,0.96232
0.9900000000000001,0.691629,0.990237
1.0500000000000003,0.725492,0.988952
0.9500000000000002,0.703283,0.960388
0.9900000000000001,0.734993,0.955787
0.8300000000000001,0.755679,0.98071
0.81,0.784882,0.981295
0.9500000000000002,0.769542,0.956033
1.0100000000000002,0.812117,0.995506
1.0900000000000003,0.8682,1.0048
0.9900000000000001,0.842136,0.982781
1.2100000000000002,0.81037,0.960324
0.9500000000000002,0.847287,0.950067
0.9900000000000001,0.900961,0.995475
0.9700000000000001,0.873613,0.972349
1.0300000000000002,0.905714,0.961111
0.9900000000000001,0.933861,0.981567
0.9700000000000001,0.988033,0.990005
1.0700000000000003,0.959325,1.00394
0.8500000000000001,0.993027,0.956549
0.9100000000000001,0.936139,0.950608
1.0100000000000002,0.963198,0.967995
sigma, x , y
1.1300000000000001,0.0311872,0.00979713
0.77,0.00903694,0.0340743
0.79,0.0561202,0.0337361
1.0300000000000002,-0.00394672,0.00831791
1.1300000000000001,0.0319068,0.0558387
1.0900000000000003,-0.00890575,0.0582436
1.0100000000000002,0.0661851,0.00424124
1.0100000000000002,0.0999695,0.00329615
0.9300000000000002,0.0903495,0.033489
0.8700000000000001,0.119756,0.0323142
1.1100000000000003,0.0688512,0.0615498
1.1100000000000003,0.103581,0.06363
0.9900000000000001,0.133145,0.00229543
0.9100000000000001,0.169246,0.00109259
0.9900000000000001,0.15088,0.0297574
0.9500000000000002,0.185749,0.0288137
0.9900000000000001,0.137752,0.0599943
1.0900000000000003,0.203489,0.000756355
0.9700000000000001,0.237588,-0.000534694
1.0300000000000002,0.218851,0.0307247
1.0700000000000003,0.253349,0.0301684
0.9300000000000002,0.201323,0.0589234
1.0700000000000003,0.237458,0.0589514
1.0100000000000002,0.269675,0.000169882
0.9100000000000001,0.28706,0.0270803
1.0700000000000003,0.319863,0.0227815
1.0100000000000002,0.271814,0.0589354
1.0500000000000003,0.306099,0.0558219
1.0900000000000003,0.353247,0.0185228
1.0700000000000003,0.389569,0.0117024
1.0900000000000003,0.375994,0.0447345
0.9100000000000001,0.340506,0.0515172
1.0100000000000002,0.423281,0.00730852
0.8700000000000001,0.455896,-0.00139806
0.9700000000000001,0.442947,0.0308677
0.9900000000000001,0.409677,0.0397838
1.0100000000000002,0.475523,0.0230627
1.0700000000000003,0.508571,0.0200214
1.0500000000000003,0.465316,0.0539175
0.77,0.502163,0.0526526
1.1900000000000002,0.544815,0.0110257
0.9900000000000001,0.580057,0.00563306
1.1300000000000001,0.571144,0.0391717
1.0900000000000003,0.533852,0.0455605
0.9700000000000001,0.612587,-0.00156428
0.9100000000000001,0.643964,-0.00509552
0.9900000000000001,0.602614,0.0294699
0.8500000000000001,0.632141,0.0216393
1.0900000000000003,0.66062,0.0381254
1.0700000000000003,0.625486,0.0529979
1.0900000000000003,0.674084,0.00455478
0.77,0.70449,0.00723503
0.8500000000000001,0.693578,0.0325187
0.9500000000000002,0.726061,0.0264557
0.8900000000000001,0.717465,0.0567941
1.0500000000000003,0.756734,0.0173619
1.0300000000000002,0.791311,0.00759909
0.9100000000000001,0.746981,0.0491892
0.9900000000000001,0.779757,0.0403309
1.0500000000000003,0.845229,0.0204382
0.9900000000000001,0.815036,0.0314637
0.8700000000000001,0.802499,0.0600808
0.79,0.839387,0.052419
1.1100000000000003,0.91216,0.0139772
0.9500000000000002,0.878844,0.0120778
1.0100000000000002,0.868977,0.04453
0.9700000000000001,0.902161,0.0459805
0.8300000000000001,0.942784,0.0125379
1.1500000000000001,0.969063,0.0298941
0.8900000000000001,0.934282,0.0413658
0.9100000000000001,0.957645,0.061837
0.9900000000000001,0.0120423,0.0852262
1.1700000000000002,0.0452937,0.0892999
0.9100000000000001,-0.00204697,0.111884
0.9300000000000002,0.0287465,0.118623
1.1300000000000001,0.083356,0.0944557
0.9300000000000002,0.118093,0.0926169
1.0900000000000003,0.0617651,0.123338
1.0500000000000003,0.168045,0.0569829
0.9300000000000002,0.151486,0.0875978
1.0900000000000003,0.184441,0.0888027
0.9900000000000001,0.134211,0.120084
0.9900000000000001,0.165226,0.115572
1.1300000000000001,0.22187,0.0891588
0.8900000000000001,0.254321,0.0855232
1.2100000000000002,0.201999,0.123469
1.0900000000000003,0.242035,0.118921
0.9500000000000002,0.293779,0.0857069
1.0500000000000003,0.273793,0.110331
0.7500000000000001,0.310578,0.10935
1.1100000000000003,0.328587,0.0830767
1.0100000000000002,0.365863,0.0769122
0.9900000000000001,0.387173,0.105402
0.9700000000000001,0.353449,0.107255
0.9300000000000002,0.433344,0.0613375
1.0900000000000003,0.398511,0.0713334
1.1300000000000001,0.422314,0.100825
1.0300000000000002,0.454533,0.0859895
0.8500000000000001,0.449892,0.116877
1.0300000000000002,0.488434,0.0810129
1.0500000000000003,0.52274,0.0781086
0.9700000000000001,0.480427,0.111769
0.9700000000000001,0.510916,0.109871
1.1300000000000001,0.557334,0.071517
0.9900000000000001,0.544182,0.103778
0.9100000000000001,0.578586,0.0997152
1.0300000000000002,0.593239,0.0686496
1.0900000000000003,0.65163,0.0765733
1.2500000000000002,0.615486,0.0967908
0.9300000000000002,0.650674,0.108408
0.9900000000000001,0.686751,0.0636936
0.9100000000000001,0.708135,0.0869028
0.8500000000000001,0.676706,0.094943
1.0900000000000003,0.698328,0.116547
0.9700000000000001,0.771369,0.0725078
1.0900000000000003,0.738843,0.0812251
0.8900000000000001,0.764803,0.104784
0.9500000000000002,0.731819,0.114412
1.0100000000000002,0.789571,0.129503
1.0100000000000002,0.795156,0.0923068
1.0100000000000002,0.828628,0.080463
0.9300000000000002,0.849451,0.105337
0.9300000000000002,0.859559,0.0749849
0.9900000000000001,0.819997,0.112956
0.8500000000000001,0.842172,0.133337
0.9100000000000001,0.887848,0.0734725
0.9100000000000001,0.879608,0.104556
1.1500000000000001,0.91135,0.101956
0.9300000000000002,0.870967,0.136742
1.0700000000000003,0.925331,0.0704855
1.0100000000000002,0.978949,0.0883057
1.0300000000000002,0.947186,0.0982478
1.1300000000000001,0.933993,0.132447
1.1700000000000002,0.969185,0.127538
0.9300000000000002,0.00393801,0.141086
0.9100000000000001,0.0401594,0.148488
1.0700000000000003,0.0171034,0.173148
0.9300000000000002,0.0499278,0.179751
1.1700000000000002,0.098421,0.12968
0.9700000000000001,0.0712525,0.154625
1.0300000000000002,0.102751,0.165735
0.81,0.126254,0.148464
0.9900000000000001,0.0796829,0.188394
1.0100000000000002,0.155308,0.146408
0.7300000000000001,0.185561,0.15288
0.9500000000000002,0.133685,0.175138
0.9700000000000001,0.165581,0.177995
1.0500000000000003,0.226897,0.153098
0.8300000000000001,0.254228,0.168596
1.1300000000000001,0.200658,0.177482
1.1100000000000003,0.234101,0.190632
0.8500000000000001,0.264557,0.142846
1.0700000000000003,0.295669,0.136181
0.8900000000000001,0.281737,0.167735
1.0700000000000003,0.313337,0.165534
0.8500000000000001,0.26846,0.194139
1.1700000000000002,0.332716,0.133406
1.0100000000000002,0.366131,0.136663
1.1100000000000003,0.348829,0.167277
1.0500000000000003,0.382652,0.169332
1.0100000000000002,0.402476,0.134534
0.9700000000000001,0.433313,0.141195
1.0500000000000003,0.415376,0.169078
1.0300000000000002,0.448964,0.171969
1.0900000000000003,0.468525,0.143697
0.9300000000000002,0.501136,0.140066
1.0900000000000003,0.487852,0.171505
1.0300000000000002,0.522027,0.166246
0.9700000000000001,0.532723,0.135614
1.0300000000000002,0.564989,0.12769
0.8700000000000001,0.552801,0.1616
1.0300000000000002,0.581646,0.157696
0.7100000000000001,0.566377,0.185285
0.9700000000000001,0.597153,0.126764
1.0500000000000003,0.630469,0.134011
0.9100000000000001,0.613273,0.160268
1.0300000000000002,0.643842,0.16697
1.0100000000000002,0.595323,0.187677
1.0300000000000002,0.665673,0.136706
0.81,0.695785,0.147299
1.0300000000000002,0.678586,0.170358
0.9300000000000002,0.7123,0.175718
0.9100000000000001,0.723974,0.143758
1.0500000000000003,0.757411,0.13898
1.0900000000000003,0.74448,0.174168
1.2300000000000002,0.786665,0.166856
1.0700000000000003,0.764301,0.199805
0.9500000000000002,0.817157,0.148846
0.9100000000000001,0.848694,0.160064
1.1100000000000003,0.823072,0.181993
1.0700000000000003,0.857008,0.191787
0.9300000000000002,0.902019,0.13364
0.9700000000000001,0.883013,0.164317
1.2700000000000002,0.918011,0.170419
1.0500000000000003,0.889996,0.19764
0.8900000000000001,0.952803,0.157499
0.9700000000000001,0.98211,0.162425
1.1100000000000003,0.988217,0.195402
0.9500000000000002,0.951371,0.187582
0.9700000000000001,0.0271394,0.204071
0.8500000000000001,0.0590294,0.210599
1.0500000000000003,0.0277748,0.235175
0.9300000000000002,-0.00529415,0.229235
0.8900000000000001,0.00389794,0.25868
0.9900000000000001,0.11296,0.199788
0.9900000000000001,0.0868548,0.222378
0.9900000000000001,0.119159,0.231415
1.1100000000000003,0.0620952,0.244881
1.0300000000000002,0.0966511,0.25558
0.9300000000000002,0.143815,0.203758
0.9700000000000001,0.176758,0.206625
1.1700000000000002,0.156043,0.236163
0.9900000000000001,0.189207,0.245243
1.0700000000000003,0.207609,0.214449
0.9900000000000001,0.250841,0.219947
1.1100000000000003,0.226622,0.245149
0.9500000000000002,0.260852,0.250044
0.9900000000000001,0.298967,0.193494
1.0700000000000003,0.281689,0.223603
1.0300000000000002,0.315696,0.223537
1.0700000000000003,0.295352,0.254378
0.9300000000000002,0.33179,0.196877
1.0300000000000002,0.365419,0.197596
0.9300000000000002,0.348616,0.223491
1.0300000000000002,0.38305,0.22713
1.0300000000000002,0.332436,0.254213
1.0500000000000003,0.366595,0.257375
0.8900000000000001,0.400497,0.198387
0.9900000000000001,0.433569,0.201428
0.9900000000000001,0.416784,0.227665
0.9900000000000001,0.451384,0.231483
0.7500000000000001,0.432368,0.254304
1.1100000000000003,0.469986,0.202521
1.0300000000000002,0.504589,0.202727
0.9500000000000002,0.486015,0.231119
1.1300000000000001,0.52299,0.231935
0.8500000000000001,0.470691,0.255677
0.8900000000000001,0.499687,0.258568
1.1100000000000003,0.539247,0.199962
1.0500000000000003,0.572049,0.213109
0.9300000000000002,0.555154,0.240215
1.0700000000000003,0.585379,0.24514
0.9700000000000001,0.627475,0.193392
0.8900000000000001,0.607273,0.217455
0.9500000000000002,0.636828,0.223687
1.0300000000000002,0.618163,0.249507
1.0700000000000003,0.652718,0.255789
1.0900000000000003,0.659651,0.198534
1.0700000000000003,0.696547,0.20262
1.0900000000000003,0.675453,0.2321
1.0900000000000003,0.712599,0.235387
0.9300000000000002,0.72775,0.201289
0.9500000000000002,0.745707,0.226257
0.9700000000000001,0.779009,0.229931
0.9300000000000002,0.757403,0.254047
0.9700000000000001,0.787989,0.262369
0.9100000000000001,0.796681,0.204973
0.9700000000000001,0.832247,0.215117
1.0900000000000003,0.810051,0.239336
1.1100000000000003,0.844662,0.249052
0.9900000000000001,0.868566,0.223786
1.0300000000000002,0.900872,0.231029
0.8300000000000001,0.877936,0.255457
0.9900000000000001,0.925186,0.206769
0.9100000000000001,0.910587,0.264947
1.0300000000000002,0.960954,0.21916
1.0900000000000003,0.933398,0.239906
1.0900000000000003,0.969747,0.252531
0.9900000000000001,0.0355483,0.267566
0.9700000000000001,0.00361441,0.288703
1.1900000000000002,0.0373064,0.301371
0.9500000000000002,0.0684348,0.278829
0.8700000000000001,0.0948979,0.292
0.9500000000000002,0.12397,0.297079
1.1100000000000003,0.0704013,0.313157
0.9500000000000002,0.103173,0.322932
1.0500000000000003,0.131723,0.265119
1.0500000000000003,0.166352,0.269442
0.9300000000000002,0.155998,0.301638
0.9300000000000002,0.185521,0.299137
0.9900000000000001,0.133984,0.326873
0.8700000000000001,0.16481,0.332281
0.8900000000000001,0.208404,0.271819
0.9700000000000001,0.241072,0.275227
1.0900000000000003,0.219882,0.302979
1.1100000000000003,0.253537,0.307756
0.9500000000000002,0.275384,0.2801
1.0900000000000003,0.313437,0.281612
1.1100000000000003,0.291815,0.310118
0.9700000000000001,0.32859,0.310579
0.9100000000000001,0.347972,0.283689
1.0500000000000003,0.379986,0.288269
0.9500000000000002,0.359158,0.313319
1.0500000000000003,0.398704,0.31639
1.1300000000000001,0.401418,0.258557
0.9700000000000001,0.448482,0.277893
1.0300000000000002,0.419476,0.289108
0.8300000000000001,0.45483,0.307013
0.9300000000000002,0.478748,0.283147
1.0100000000000002,0.509569,0.291473
1.0700000000000003,0.483733,0.315735
1.1100000000000003,0.52048,0.324839
1.0100000000000002,0.530744,0.266254
1.0500000000000003,0.564224,0.27047
1.1100000000000003,0.543841,0.299075
0.9900000000000001,0.576403,0.301565
1.0300000000000002,0.597548,0.277117
1.0100000000000002,0.630338,0.282172
0.9100000000000001,0.614245,0.309133
0.9700000000000001,0.646014,0.310004
1.1100000000000003,0.690813,0.265252
0.9100000000000001,0.665168,0.285611
0.9700000000000001,0.706767,0.294658
1.1100000000000003,0.729258,0.269972
1.2100000000000002,0.678618,0.315988
0.9900000000000001,0.712333,0.327682
1.1100000000000003,0.763022,0.285795
0.8900000000000001,0.735839,0.305218
0.8700000000000001,0.772204,0.315578
0.9700000000000001,0.819849,0.272622
0.9700000000000001,0.796552,0.292954
0.9900000000000001,0.828482,0.304282
0.9500000000000002,0.851571,0.281248
1.0100000000000002,0.802083,0.323375
0.8900000000000001,0.836763,0.333285
0.9500000000000002,0.860547,0.310266
1.0100000000000002,0.884063,0.285549
1.0500000000000003,0.918414,0.296171
0.9900000000000001,0.893379,0.318017
1.0700000000000003,0.926098,0.331704
0.9500000000000002,0.943473,0.273107
0.9300000000000002,0.972664,0.284632
1.0300000000000002,0.949369,0.307422
1.0100000000000002,0.982203,0.314927
1.1100000000000003,0.012787,0.329385
0.9700000000000001,0.0463372,0.337895
0.9100000000000001,0.0258649,0.362585
1.0300000000000002,0.0545868,0.370752
0.8500000000000001,0.0332703,0.393756
0.9300000000000002,0.00246577,0.387491
1.0500000000000003,0.0800634,0.348942
0.9300000000000002,0.113821,0.353357
1.2100000000000002,0.0909231,0.382526
1.0300000000000002,0.146407,0.359664
1.0100000000000002,0.179983,0.358746
0.9300000000000002,0.124179,0.383486
1.0700000000000003,0.158836,0.390711
1.0500000000000003,0.197913,0.329045
0.8500000000000001,0.228432,0.334859
0.8300000000000001,0.209166,0.356978
1.0300000000000002,0.248815,0.356054
1.0700000000000003,0.194847,0.387458
1.0500000000000003,0.229764,0.38242
0.9500000000000002,0.275872,0.337633
0.9100000000000001,0.308328,0.338848
0.8500000000000001,0.289166,0.363948
1.0100000000000002,0.31907,0.366143
0.9500000000000002,0.266295,0.384894
0.8500000000000001,0.298344,0.39123
0.8900000000000001,0.339215,0.340151
0.9500000000000002,0.374525,0.341353
0.8500000000000001,0.382611,0.368923
0.9700000000000001,0.35319,0.366597
1.0300000000000002,0.431216,0.325994
1.0100000000000002,0.407976,0.350586
0.79,0.43632,0.360785
1.0500000000000003,0.406754,0.389152
0.9700000000000001,0.43936,0.389222
1.0900000000000003,0.461704,0.342875
0.9900000000000001,0.494137,0.349364
1.2700000000000002,0.472257,0.378265
1.0700000000000003,0.510509,0.38047
0.9700000000000001,0.555544,0.330658
0.9100000000000001,0.532974,0.355139
0.9900000000000001,0.569925,0.360509
1.1100000000000003,0.590808,0.331734
1.0100000000000002,0.545593,0.382286
0.8500000000000001,0.585751,0.386903
0.8300000000000001,0.62456,0.336691
0.9500000000000002,0.655995,0.344106
1.0100000000000002,0.604235,0.361996
0.9500000000000002,0.635179,0.36763
1.0100000000000002,0.69046,0.351945
0.9900000000000001,0.724344,0.36343
1.0500000000000003,0.668331,0.375682
1.0100000000000002,0.699966,0.38453
1.1100000000000003,0.744868,0.336745
0.9900000000000001,0.778056,0.346871
1.0300000000000002,0.755403,0.37191
0.9100000000000001,0.788605,0.378049
0.9900000000000001,0.733767,0.395531
1.0500000000000003,0.810046,0.355249
1.0100000000000002,0.841412,0.365407
0.9500000000000002,0.81933,0.388734
0.9900000000000001,0.849608,0.399038
1.1100000000000003,0.868035,0.342194
1.0700000000000003,0.900907,0.354104
0.9100000000000001,0.872837,0.377244
0.9900000000000001,0.906573,0.385903
1.0100000000000002,0.994728,0.358368
1.1700000000000002,0.963414,0.344523
1.0700000000000003,0.933452,0.366496
1.0100000000000002,0.966068,0.385608
0.7100000000000001,0.935871,0.395208
0.81,0.0137724,0.415885
1.0500000000000003,0.0417605,0.426217
1.0300000000000002,-0.00100863,0.447497
0.8900000000000001,0.0297566,0.456945
0.9300000000000002,0.062284,0.399705
1.0100000000000002,0.110273,0.41247
0.8500000000000001,0.082034,0.421846
0.9900000000000001,0.101583,0.444045
1.1500000000000001,0.0649606,0.452744
1.0700000000000003,0.141921,0.421402
0.9900000000000001,0.176551,0.419549
0.8300000000000001,0.13178,0.451489
1.0100000000000002,0.161911,0.449528
1.0500000000000003,0.245047,0.412041
0.9700000000000001,0.212721,0.414522
1.0500000000000003,0.196916,0.444619
0.9300000000000002,0.230219,0.445544
0.8900000000000001,0.27857,0.413013
0.6900000000000001,0.308466,0.414423
0.8500000000000001,0.326429,0.433908
1.1100000000000003,0.263327,0.441528
0.9100000000000001,0.296579,0.438899
1.1700000000000002,0.336072,0.399705
0.9300000000000002,0.372726,0.397877
1.0700000000000003,0.356809,0.428643
0.9100000000000001,0.392701,0.42105
0.8300000000000001,0.348922,0.459803
0.8900000000000001,0.379683,0.454157
1.0100000000000002,0.425929,0.418446
1.0900000000000003,0.411486,0.448843
1.0300000000000002,0.445303,0.444627
1.0700000000000003,0.46356,0.416123
0.9700000000000001,0.498974,0.412403
1.0900000000000003,0.483676,0.44829
1.0900000000000003,0.51695,0.442838
0.8300000000000001,0.56256,0.407604
0.9700000000000001,0.531985,0.411306
1.0500000000000003,0.553554,0.437224
1.0100000000000002,0.589559,0.419611
0.9900000000000001,0.576701,0.461855
0.9700000000000001,0.613068,0.394354
1.1300000000000001,0.645879,0.401553
1.0300000000000002,0.621966,0.425179
0.9300000000000002,0.654535,0.432919
1.0300000000000002,0.605435,0.451334
0.8700000000000001,0.634461,0.455315
0.8900000000000001,0.676182,0.408444
1.0500000000000003,0.707569,0.41788
0.9700000000000001,0.684697,0.441719
1.0500000000000003,0.715818,0.450137
1.0700000000000003,0.766902,0.403266
0.9500000000000002,0.740291,0.427145
0.8900000000000001,0.767499,0.434384
0.9700000000000001,0.787492,0.460536
0.79,0.79828,0.405582
1.0500000000000003,0.825705,0.421035
0.8900000000000001,0.796293,0.431517
1.1500000000000001,0.856029,0.43971
0.9100000000000001,0.821474,0.452099
1.0900000000000003,0.882743,0.411065
1.0100000000000002,0.916025,0.417597
1.0300000000000002,0.890874,0.445058
1.0500000000000003,0.983153,0.415744
0.9900000000000001,0.949342,0.418111
1.1700000000000002,0.928873,0.447696
1.0100000000000002,0.965137,0.444717
0.9500000000000002,0.0119546,0.481331
0.9700000000000001,0.0460164,0.483181
0.9700000000000001,0.0283994,0.508798
1.2100000000000002,-0.00712789,0.510936
1.1100000000000003,0.112033,0.47875
0.9100000000000001,0.0769008,0.482486
0.8500000000000001,0.0644215,0.510889
1.0300000000000002,0.0954328,0.509907
0.8900000000000001,0.148063,0.480895
1.0300000000000002,0.181192,0.476768
1.1500000000000001,0.131615,0.510376
1.0500000000000003,0.167123,0.508872
1.0500000000000003,0.213926,0.476257
1.0100000000000002,0.247533,0.474092
0.8700000000000001,0.233176,0.501002
0.9300000000000002,0.202372,0.508872
1.0700000000000003,0.31791,0.465281
1.1100000000000003,0.284331,0.469817
1.0500000000000003,0.265961,0.500185
0.9300000000000002,0.300813,0.499337
0.8900000000000001,0.286248,0.528011
0.9500000000000002,0.319261,0.524605
1.0900000000000003,0.367327,0.484783
0.9700000000000001,0.335244,0.493743
0.8900000000000001,0.353145,0.51851
0.9900000000000001,0.385693,0.515074
0.9500000000000002,0.399694,0.482343
0.9700000000000001,0.431694,0.477758
1.0500000000000003,0.418049,0.509437
0.8500000000000001,0.450644,0.501301
0.79,0.459123,0.469892
1.0700000000000003,0.508895,0.479552
0.9700000000000001,0.477954,0.489983
0.9900000000000001,0.501836,0.513257
0.9700000000000001,0.472803,0.524045
0.9900000000000001,0.542135,0.468893
1.0500000000000003,0.535539,0.503291
0.9900000000000001,0.57004,0.493159
1.0500000000000003,0.560835,0.524601
0.6900000000000001,0.6292,0.480349
1.0100000000000002,0.602373,0.485272
0.9700000000000001,0.662067,0.465629
0.9500000000000002,0.652001,0.496549
0.9300000000000002,0.623862,0.511278
0.9500000000000002,0.595638,0.51554
1.1500000000000001,0.690679,0.480487
1.0100000000000002,0.723169,0.482266
1.1500000000000001,0.680449,0.518885
0.9900000000000001,0.7144,0.511327
1.1100000000000003,0.753314,0.465282
1.0100000000000002,0.749054,0.503361
1.0700000000000003,0.779632,0.493056
0.9500000000000002,0.774754,0.52545
1.0500000000000003,0.811566,0.484011
1.0300000000000002,0.843812,0.47351
1.0300000000000002,0.835913,0.508131
0.9300000000000002,0.804921,0.51812
0.9700000000000001,0.87789,0.475525
0.9300000000000002,0.911456,0.478354
0.8300000000000001,0.865334,0.502124
0.9900000000000001,0.895892,0.506532
0.9300000000000002,0.927202,0.508309
1.0500000000000003,0.8678,0.531557
1.0500000000000003,0.903099,0.539235
1.0700000000000003,0.97732,0.476312
0.9900000000000001,0.942428,0.480454
1.0500000000000003,0.958589,0.511673
1.1300000000000001,0.0435475,0.53824
0.9700000000000001,0.00872197,0.541914
1.0700000000000003,0.0240805,0.57079
0.9300000000000002,0.00535333,0.599308
0.9300000000000002,0.0775042,0.538981
0.9500000000000002,0.113824,0.539538
1.1900000000000002,0.0601424,0.569757
1.1500000000000001,0.0959599,0.569581
1.0100000000000002,0.153752,0.538359
0.8700000000000001,0.185231,0.536809
1.0900000000000003,0.133994,0.566335
0.9500000000000002,0.168932,0.570264
0.8900000000000001,0.149976,0.594379
1.0300000000000002,0.214608,0.539732
1.1700000000000002,0.249695,0.530427
0.9900000000000001,0.200765,0.569062
0.9900000000000001,0.23448,0.566545
1.0300000000000002,0.221085,0.595716
1.0900000000000003,0.25622,0.591577
1.1300000000000001,0.270532,0.558232
1.1300000000000001,0.306583,0.554205
1.0700000000000003,0.292425,0.587728
1.1100000000000003,0.327298,0.582534
1.0500000000000003,0.377078,0.545773
1.0300000000000002,0.341467,0.547996
1.0700000000000003,0.361263,0.576478
0.9500000000000002,0.408028,0.540409
0.9100000000000001,0.441957,0.529862
1.0100000000000002,0.397289,0.57192
1.0100000000000002,0.430466,0.566444
0.9100000000000001,0.419451,0.596379
1.0900000000000003,0.452394,0.593987
1.0300000000000002,0.494132,0.548082
1.1100000000000003,0.461992,0.557988
1.1100000000000003,0.518558,0.572966
0.9700000000000001,0.487797,0.584687
1.0900000000000003,0.52638,0.536056
0.9700000000000001,0.553606,0.558579
1.1700000000000002,0.588003,0.549771
1.0300000000000002,0.580172,0.58238
0.9300000000000002,0.620954,0.541961
0.9100000000000001,0.649621,0.529259
0.9700000000000001,0.64828,0.56328
1.0900000000000003,0.614507,0.574
0.8700000000000001,0.636427,0.59463
0.9900000000000001,0.678672,0.553259
1.0500000000000003,0.709554,0.544657
0.9700000000000001,0.704535,0.575602
1.0900000000000003,0.671588,0.585243
1.0500000000000003,0.742025,0.534906
0.9500000000000002,0.736277,0.568038
0.9900000000000001,0.765673,0.555687
1.0700000000000003,0.760818,0.590006
0.9900000000000001,0.7922,0.579358
1.0700000000000003,0.832613,0.541657
1.0300000000000002,0.797676,0.548883
0.9700000000000001,0.822834,0.573115
1.1300000000000001,0.858645,0.567144
0.9100000000000001,0.89041,0.568974
1.0500000000000003,0.921967,0.567729
0.8700000000000001,0.871761,0.595731
0.9100000000000001,0.904341,0.595642
0.9700000000000001,0.991099,0.570275
0.9900000000000001,0.974531,0.541016
0.9900000000000001,0.939227,0.540221
1.0900000000000003,0.956839,0.568824
0.9700000000000001,0.938893,0.59705
1.1100000000000003,0.972985,0.601064
1.1900000000000002,0.0419148,0.604445
1.0500000000000003,0.0276846,0.640368
0.8500000000000001,0.00219155,0.666478
0.8500000000000001,0.0564072,0.664367
1.0300000000000002,0.0787659,0.601114
1.1500000000000001,0.116393,0.599668
1.0300000000000002,0.0634443,0.632842
1.0100000000000002,0.0980161,0.629605
0.8700000000000001,0.0847281,0.660393
1.0500000000000003,0.116283,0.658497
0.9100000000000001,0.127588,0.630905
0.9700000000000001,0.158234,0.623451
1.1900000000000002,0.18457,0.601291
0.9300000000000002,0.183096,0.63905
0.9100000000000001,0.149532,0.651304
0.9300000000000002,0.212423,0.629078
1.1100000000000003,0.24315,0.623137
0.9300000000000002,0.238313,0.655611
0.8700000000000001,0.319173,0.613472
0.9500000000000002,0.27911,0.616901
1.0500000000000003,0.301849,0.641423
1.0300000000000002,0.269356,0.647971
1.0300000000000002,0.349685,0.607581
1.1700000000000002,0.384115,0.60537
0.9700000000000001,0.336524,0.63968
0.9900000000000001,0.369595,0.638439
0.8700000000000001,0.389632,0.664501
1.0100000000000002,0.401918,0.633805
0.9100000000000001,0.435046,0.623711
0.9300000000000002,0.453914,0.647201
0.8900000000000001,0.423714,0.656953
1.0100000000000002,0.5109,0.606648
1.0500000000000003,0.47385,0.620502
0.9700000000000001,0.501157,0.637188
1.0300000000000002,0.544033,0.595429
0.9300000000000002,0.533907,0.627871
1.0300000000000002,0.569958,0.615784
1.1100000000000003,0.561063,0.648178
0.9700000000000001,0.595286,0.638426
0.9500000000000002,0.604684,0.60562
0.9900000000000001,0.627243,0.625811
1.1300000000000001,0.622162,0.661791
1.0100000000000002,0.658313,0.658383
1.2100000000000002,0.663593,0.622358
1.0300000000000002,0.696834,0.611008
0.9900000000000001,0.719914,0.633817
1.0300000000000002,0.689472,0.646899
0.9900000000000001,0.727021,0.597805
1.0300000000000002,0.75264,0.621348
0.8900000000000001,0.782881,0.610346
1.0500000000000003,0.750725,0.65518
1.0900000000000003,0.786477,0.644952
0.9900000000000001,0.813887,0.609507
0.8700000000000001,0.842282,0.595736
0.9500000000000002,0.851171,0.624041
1.0300000000000002,0.825705,0.643977
1.0700000000000003,0.884725,0.623778
1.1900000000000002,0.919402,0.623376
1.0900000000000003,0.90235,0.654389
1.1900000000000002,0.865072,0.655237
1.1100000000000003,0.992271,0.632644
0.9100000000000001,0.954643,0.627992
0.9300000000000002,0.937219,0.654294
1.0100000000000002,0.969467,0.660079
0.8500000000000001,0.0299158,0.672741
0.8700000000000001,0.0126829,0.695318
0.8700000000000001,0.0422774,0.699229
1.0900000000000003,0.0270559,0.726694
0.9500000000000002,0.0607863,0.724804
1.0500000000000003,0.0737827,0.694425
0.9500000000000002,0.10831,0.688827
1.0700000000000003,0.0949816,0.721469
0.9300000000000002,0.140747,0.68215
1.0100000000000002,0.174444,0.670522
1.0500000000000003,0.163278,0.704429
1.1500000000000001,0.129284,0.715676
0.9100000000000001,0.188776,0.725133
0.9300000000000002,0.204966,0.658356
0.8700000000000001,0.194872,0.695108
1.0500000000000003,0.223839,0.686292
0.9700000000000001,0.256599,0.68066
0.8700000000000001,0.245501,0.714664
0.8700000000000001,0.217805,0.716682
1.1100000000000003,0.290904,0.674997
0.9300000000000002,0.309313,0.700319
1.0100000000000002,0.323439,0.669464
1.0500000000000003,0.275822,0.706404
0.79,0.298676,0.729485
0.8900000000000001,0.356369,0.665824
1.1300000000000001,0.344664,0.697063
0.9100000000000001,0.375305,0.689909
1.0100000000000002,0.327431,0.728088
0.8500000000000001,0.369212,0.721062
0.9900000000000001,0.448142,0.678207
0.8500000000000001,0.413011,0.684002
0.8500000000000001,0.433686,0.707199
1.1100000000000003,0.400461,0.712359
1.2300000000000002,0.482644,0.665937
0.9500000000000002,0.467311,0.700584
1.0300000000000002,0.501022,0.696718
1.2300000000000002,0.52424,0.663436
1.0300000000000002,0.487864,0.726937
0.79,0.51927,0.724987
0.9300000000000002,0.531616,0.699315
1.0700000000000003,0.558049,0.682174
0.9700000000000001,0.583511,0.701671
0.9500000000000002,0.589381,0.671056
0.8700000000000001,0.555271,0.716669
0.8300000000000001,0.650946,0.689262
0.9900000000000001,0.620082,0.69418
0.9500000000000002,0.641191,0.718513
1.0100000000000002,0.716522,0.666051
0.9900000000000001,0.681731,0.679934
1.0300000000000002,0.70736,0.699656
0.9100000000000001,0.672706,0.711838
0.9500000000000002,0.778073,0.677846
1.1900000000000002,0.743275,0.689033
1.0700000000000003,0.731672,0.722669
0.9900000000000001,0.766195,0.716295
1.0700000000000003,0.80992,0.673591
0.7100000000000001,0.837581,0.671034
1.0100000000000002,0.831415,0.700071
1.0500000000000003,0.79773,0.706743
0.9100000000000001,0.854309,0.727971
0.9900000000000001,0.861153,0.693944
1.0700000000000003,0.893033,0.687559
0.81,0.921553,0.679079
1.0300000000000002,0.88611,0.71938
1.1700000000000002,0.923685,0.712822
0.9100000000000001,0.948508,0.686402
1.0100000000000002,0.981938,0.689646
1.0700000000000003,0.993235,0.721212
0.9500000000000002,0.95732,0.71704
0.9500000000000002,0.047728,0.754147
1.1500000000000001,0.00778215,0.758243
0.8700000000000001,0.0633798,0.779311
1.2100000000000002,0.0329214,0.791107
0.9100000000000001,-0.00524264,0.788559
0.9500000000000002,0.0790015,0.752997
1.0900000000000003,0.114712,0.749307
1.0100000000000002,0.0963768,0.780201
0.8500000000000001,0.123337,0.795059
1.1300000000000001,0.154949,0.740441
0.9100000000000001,0.138465,0.77184
0.8700000000000001,0.167843,0.769659
1.1100000000000003,0.196924,0.756298
0.9900000000000001,0.155616,0.798235
1.1500000000000001,0.189317,0.795222
0.9700000000000001,0.232225,0.743598
0.8700000000000001,0.257105,0.771247
0.9900000000000001,0.225915,0.776206
1.0900000000000003,0.265563,0.740659
1.0100000000000002,0.294102,0.761046
0.8900000000000001,0.325153,0.759361
1.0500000000000003,0.28085,0.793403
0.9500000000000002,0.31299,0.785962
1.1700000000000002,0.356819,0.749678
0.9300000000000002,0.391137,0.744358
1.0500000000000003,0.379063,0.775934
0.9900000000000001,0.345932,0.78189
1.0100000000000002,0.423921,0.735489
1.0700000000000003,0.454771,0.730648
1.0900000000000003,0.412432,0.77114
1.0300000000000002,0.445146,0.764167
1.0300000000000002,0.508408,0.75377
0.9500000000000002,0.475446,0.759611
1.1300000000000001,0.465893,0.790632
0.9500000000000002,0.499704,0.785279
1.0100000000000002,0.574141,0.739658
1.0500000000000003,0.541373,0.748379
1.0300000000000002,0.564011,0.77528
0.9300000000000002,0.531301,0.778284
1.2300000000000002,0.608845,0.729017
1.0900000000000003,0.597554,0.766808
1.0300000000000002,0.630101,0.756061
0.9300000000000002,0.65486,0.778064
1.0300000000000002,0.624627,0.790537
1.1300000000000001,0.697453,0.733988
1.0700000000000003,0.662684,0.743979
1.0100000000000002,0.686594,0.769486
1.0100000000000002,0.722022,0.75754
1.1100000000000003,0.713221,0.791052
1.0100000000000002,0.755094,0.749744
1.0100000000000002,0.787644,0.740582
1.0300000000000002,0.747303,0.781462
0.9700000000000001,0.77877,0.774897
1.0300000000000002,0.821458,0.733162
1.1100000000000003,0.81232,0.767221
0.9900000000000001,0.846797,0.759868
0.9900000000000001,0.836969,0.792834
0.9300000000000002,0.909205,0.743811
0.9700000000000001,0.878227,0.749561
0.9300000000000002,0.898777,0.7721
1.0100000000000002,0.870329,0.785467
0.9900000000000001,0.930175,0.771871
0.9700000000000001,0.940632,0.742675
0.9700000000000001,0.972849,0.746097
1.0700000000000003,0.964549,0.777172
0.9500000000000002,0.00538465,0.817709
1.0500000000000003,0.0395538,0.828793
0.9900000000000001,0.0138359,0.848526
1.0500000000000003,0.0452528,0.863044
1.0500000000000003,0.0687239,0.811699
1.0500000000000003,0.101284,0.819071
1.1300000000000001,0.0773714,0.847364
1.0300000000000002,0.115528,0.849848
0.9700000000000001,0.135116,0.824165
1.0300000000000002,0.171989,0.825282
1.1900000000000002,0.149814,0.854171
1.1300000000000001,0.189824,0.859491
0.77,0.216684,0.804288
1.0500000000000003,0.248585,0.800479
0.9500000000000002,0.204274,0.829732
0.8900000000000001,0.236541,0.829454
0.9500000000000002,0.222913,0.856259
0.8900000000000001,0.25387,0.853654
0.9500000000000002,0.26793,0.826265
1.0700000000000003,0.299892,0.822106
0.8700000000000001,0.321332,0.845412
1.0500000000000003,0.286932,0.853431
1.0500000000000003,0.333005,0.815863
0.9900000000000001,0.368137,0.807634
1.0500000000000003,0.387552,0.832324
1.0900000000000003,0.353143,0.842322
0.9100000000000001,0.402906,0.801794
0.9300000000000002,0.433461,0.797688
1.0100000000000002,0.419968,0.826411
0.9700000000000001,0.455779,0.823969
0.8900000000000001,0.441543,0.854683
0.9700000000000001,0.488217,0.817828
1.0900000000000003,0.523266,0.810075
0.9100000000000001,0.476554,0.85126
1.1700000000000002,0.510457,0.843847
1.0100000000000002,0.557715,0.806203
0.9500000000000002,0.544577,0.83639
0.9300000000000002,0.579001,0.829473
0.9100000000000001,0.589136,0.798787
0.8700000000000001,0.565863,0.858742
1.1100000000000003,0.648626,0.81288
1.0500000000000003,0.614424,0.821592
0.9700000000000001,0.635984,0.846349
1.0700000000000003,0.601501,0.853403
1.0700000000000003,0.681683,0.802103
1.0700000000000003,0.701706,0.830048
0.9700000000000001,0.668435,0.841622
1.0500000000000003,0.728921,0.854665
0.9700000000000001,0.769088,0.810513
1.1300000000000001,0.737041,0.818487
1.0500000000000003,0.762293,0.843257
0.9900000000000001,0.795327,0.830646
1.0300000000000002,0.802141,0.799654
0.8500000000000001,0.824043,0.819247
0.81,0.852769,0.850144
1.0500000000000003,0.856106,0.820176
1.0300000000000002,0.822445,0.851232
0.9100000000000001,0.912886,0.799436
0.8700000000000001,0.887119,0.811824
0.9500000000000002,0.917178,0.828256
1.2300000000000002,0.886343,0.846616
0.9300000000000002,0.924355,0.859676
1.0500000000000003,0.944055,0.801924
0.8900000000000001,0.974547,0.811418
1.0500000000000003,0.950832,0.833967
0.9300000000000002,0.983241,0.842441
0.7300000000000001,0.0213548,0.881146
1.1700000000000002,0.0453153,0.901577
1.1700000000000002,0.00354398,0.905173
0.81,0.0289802,0.928177
0.79,0.0698553,0.877792
1.0100000000000002,0.100017,0.878221
1.1500000000000001,0.0809983,0.909038
0.9700000000000001,0.1144,0.911422
0.9900000000000001,0.133783,0.883498
0.9300000000000002,0.167129,0.883207
1.0700000000000003,0.152142,0.911418
1.0700000000000003,0.187389,0.907796
0.8900000000000001,0.209083,0.886765
0.9900000000000001,0.240946,0.881583
0.9100000000000001,0.224437,0.913772
1.0900000000000003,0.256613,0.912161
0.9500000000000002,0.271366,0.881921
1.0900000000000003,0.310305,0.877353
1.1700000000000002,0.292497,0.909583
1.1300000000000001,0.330516,0.905511
1.0100000000000002,0.376238,0.865252
0.8500000000000001,0.342077,0.873379
1.0500000000000003,0.365559,0.896928
1.0500000000000003,0.387598,0.922293
1.0100000000000002,0.40963,0.858704
0.9700000000000001,0.398013,0.888981
0.9500000000000002,0.429983,0.882771
1.0300000000000002,0.451845,0.911086
1.0100000000000002,0.41989,0.917311
1.0300000000000002,0.497348,0.87421
0.8900000000000001,0.459862,0.879774
1.0500000000000003,0.524558,0.894288
1.0700000000000003,0.485322,0.907391
0.8700000000000001,0.536825,0.86553
1.0900000000000003,0.558222,0.889512
0.9500000000000002,0.590905,0.883527
1.0900000000000003,0.545401,0.921564
1.0300000000000002,0.579147,0.916416
1.0700000000000003,0.627035,0.879434
0.9100000000000001,0.648203,0.904911
0.8900000000000001,0.658511,0.869241
1.0500000000000003,0.612851,0.909522
1.0300000000000002,0.694352,0.863357
1.0700000000000003,0.678834,0.894577
0.8500000000000001,0.699466,0.916827
1.2300000000000002,0.720482,0.891243
1.1300000000000001,0.727473,0.929846
0.9900000000000001,0.754498,0.876808
0.7500000000000001,0.779721,0.892494
1.0100000000000002,0.756221,0.909078
1.1100000000000003,0.790152,0.864179
0.9700000000000001,0.789363,0.917837
0.8300000000000001,0.84004,0.877637
1.1300000000000001,0.810785,0.891376
1.0700000000000003,0.82094,0.929179
1.0500000000000003,0.84486,0.908278
1.0300000000000002,0.868746,0.877951
1.0300000000000002,0.902916,0.884314
1.0500000000000003,0.878414,0.911746
0.9500000000000002,0.910783,0.917716
0.8500000000000001,0.993715,0.872543
1.0900000000000003,0.961039,0.866928
1.0100000000000002,0.937057,0.891594
0.9900000000000001,0.967041,0.89979
0.9700000000000001,0.974754,0.930845
0.9900000000000001,0.94218,0.922096
0.9500000000000002,0.0141663,0.981681
1.0100000000000002,0.0462071,0.9772
0.8900000000000001,0.0264423,0.955675
0.8700000000000001,0.0032812,0.938848
1.1900000000000002,0.0592615,0.94207
1.1100000000000003,0.0816343,0.973531
1.1100000000000003,0.116695,0.972531
1.0300000000000002,0.0963258,0.942123
1.0300000000000002,0.132637,0.938915
1.0100000000000002,0.15005,0.973091
1.1900000000000002,0.18467,0.970766
0.9700000000000001,0.164793,0.942554
1.0500000000000003,0.222855,0.970677
1.1300000000000001,0.202727,0.940116
0.79,0.235819,0.941839
0.9700000000000001,0.253734,0.971656
0.8500000000000001,0.302439,0.994928
0.8500000000000001,0.286501,0.973992
0.8900000000000001,0.314822,0.969607
0.9700000000000001,0.297396,0.94409
0.9100000000000001,0.266879,0.943917
0.8700000000000001,0.327089,0.938087
0.9900000000000001,0.33349,0.992147
0.9700000000000001,0.36545,0.987921
0.9500000000000002,0.345805,0.960906
1.0500000000000003,0.377722,0.956126
0.9700000000000001,0.355691,0.92892
1.0300000000000002,0.401,0.978173
1.0500000000000003,0.433022,0.974023
0.8500000000000001,0.410646,0.949481
0.9700000000000001,0.441943,0.941862
1.0300000000000002,0.48551,0.99233
1.0500000000000003,0.519379,0.986094
0.9300000000000002,0.46421,0.967014
1.0700000000000003,0.49482,0.960159
0.81,0.471421,0.935976
1.0100000000000002,0.511342,0.928226
0.8700000000000001,0.559192,0.979912
1.1100000000000003,0.591226,0.973619
1.1700000000000002,0.533682,0.954358
0.9500000000000002,0.567811,0.949211
1.0100000000000002,0.625132,0.969394
0.8900000000000001,0.60205,0.94125
1.1700000000000002,0.638167,0.936353
1.0300000000000002,0.702384,0.978091
1.2100000000000002,0.662202,0.965401
1.0100000000000002,0.697349,0.94824
0.9300000000000002,0.670643,0.928861
0.9900000000000001,0.733664,0.963072
0.9700000000000001,0.733545,0.995226
1.2100000000000002,0.766433,0.977577
0.9500000000000002,0.760846,0.940125
1.0500000000000003,0.792582,0.949988
0.9500000000000002,0.825045,0.996166
1.1500000000000001,0.859991,0.980942
0.8300000000000001,0.799879,0.978288
0.9900000000000001,0.828184,0.963735
0.9500000000000002,0.854063,0.942767
1.1900000000000002,0.896833,0.977929
0.9700000000000001,0.88639,0.944516
0.9500000000000002,0.919547,0.950347
1.1500000000000001,0.966046,0.990629
0.9300000000000002,0.931084,0.983027
0.9300000000000002,0.988197,0.963118
1.0900000000000003,0.952524,0.954972
sigma, x , y
1.0900000000000003,0.0406593,0.00756843
1.0100000000000002,0.00675206,0.0155998
1.1100000000000003,0.0301381,0.0401968
1.0100000000000002,0.0641774,0.0331578
0.9500000000000002,-0.00298143,0.0489205
1.0500000000000003,0.0197646,0.0736189
1.0700000000000003,0.0545731,0.0660889
0.9300000000000002,0.0964785,0.02568
1.2700000000000002,0.130691,0.0178481
1.0100000000000002,0.0888987,0.0575895
1.0100000000000002,0.123114,0.0532792
0.9700000000000001,0.14765,0.0779742
0.9300000000000002,0.156653,0.0469649
1.0500000000000003,0.16601,0.0128516
1.1300000000000001,0.218705,0.0283681
0.9500000000000002,0.187252,0.0402944
0.9700000000000001,0.179357,0.0710005
0.9500000000000002,0.210622,0.0621828
1.1500000000000001,0.253311,0.0184664
0.81,0.239914,0.0522693
1.0300000000000002,0.280153,0.0401758
1.0300000000000002,0.267628,0.0703921
1.0700000000000003,0.311518,0.0268374
0.9900000000000001,0.343046,0.0162574
0.9100000000000001,0.368159,0.0378051
0.8900000000000001,0.375161,0.00708956
1.0700000000000003,0.337973,0.0493133
0.9300000000000002,0.305653,0.0603297
0.8900000000000001,0.362941,0.0731895
0.8900000000000001,0.388167,0.0595551
0.9300000000000002,0.397438,0.0287667
1.0700000000000003,0.431925,0.0241344
0.9700000000000001,0.418115,0.0545258
0.9100000000000001,0.449909,0.0514827
0.6500000000000001,0.458461,0.0174973
0.9700000000000001,0.506258,0.0272464
0.8500000000000001,0.476226,0.0345918
1.0900000000000003,0.529232,0.056756
0.8500000000000001,0.463962,0.0791637
1.0700000000000003,0.492867,0.0628441
1.1100000000000003,0.54002,0.0235143
1.1100000000000003,0.575358,0.0176669
0.8900000000000001,0.608837,0.010812
1.0300000000000002,0.5646,0.0502531
1.0500000000000003,0.59959,0.0432542
0.9500000000000002,0.589826,0.0763667
0.79,0.640009,0.00463587
0.8900000000000001,0.66298,0.031004
1.0100000000000002,0.632398,0.0350999
0.9500000000000002,0.684465,0.0521633
0.8900000000000001,0.620044,0.0679855
0.9700000000000001,0.651976,0.0622113
1.1700000000000002,0.696268,0.0150167
0.9500000000000002,0.732112,0.0155537
0.8700000000000001,0.765797,0.0171627
1.1100000000000003,0.716961,0.0460955
1.0900000000000003,0.751502,0.0455037
1.0300000000000002,0.707944,0.0790748
0.9300000000000002,0.740995,0.0758279
1.0500000000000003,0.814979,0.0258368
0.9700000000000001,0.785233,0.0401492
0.8700000000000001,0.809591,0.0570552
0.9100000000000001,0.839924,0.0499506
0.81,0.773188,0.0680436
1.1100000000000003,0.849724,0.0186501
1.1500000000000001,0.884659,0.00908917
0.8900000000000001,0.908398,0.0335663
0.9500000000000002,0.873817,0.0420635
0.9500000000000002,0.863924,0.0717484
1.0500000000000003,0.898587,0.0645946
0.9700000000000001,0.919806,0.00561645
0.9100000000000001,0.974927,0.0230384
0.9500000000000002,0.942917,0.0286559
0.9900000000000001,0.964105,0.0522097
0.9900000000000001,0.931136,0.0590045
0.9700000000000001,0.987426,0.0795244
0.9900000000000001,0.0439336,0.0978707
0.9300000000000002,0.00895924,0.105006
0.9900000000000001,0.0306651,0.12801
1.1500000000000001,0.0677468,0.121889
0.9900000000000001,-0.00219172,0.135902
1.0700000000000003,0.0535055,0.154287
0.9900000000000001,0.0785032,0.0892112
1.1300000000000001,0.112708,0.0856094
0.9500000000000002,0.135904,0.110339
0.9500000000000002,0.101779,0.116911
0.9500000000000002,0.0889107,0.147306
0.9700000000000001,0.122213,0.14261
0.9900000000000001,0.204204,0.0943541
0.9300000000000002,0.168302,0.104395
1.1900000000000002,0.193825,0.12756
1.0900000000000003,0.15609,0.138606
0.8900000000000001,0.223191,0.149087
0.9300000000000002,0.23435,0.0816981
1.0100000000000002,0.229098,0.116805
1.1500000000000001,0.295394,0.0915042
1.0300000000000002,0.260141,0.103575
1.0300000000000002,0.288153,0.125942
1.0100000000000002,0.254223,0.138399
1.0500000000000003,0.330589,0.0832186
1.1500000000000001,0.359917,0.106642
1.0300000000000002,0.322487,0.115772
0.9100000000000001,0.346001,0.136703
1.0300000000000002,0.312959,0.148318
1.1300000000000001,0.374556,0.156668
0.9300000000000002,0.388214,0.126327
1.1100000000000003,0.394483,0.0914283
1.0700000000000003,0.430948,0.083753
0.9900000000000001,0.418027,0.115302
0.8900000000000001,0.452048,0.108594
0.9700000000000001,0.409968,0.149992
1.0700000000000003,0.440556,0.139465
1.0700000000000003,0.48462,0.099838
1.1700000000000002,0.520195,0.0908176
1.0900000000000003,0.475272,0.13292
1.0500000000000003,0.508876,0.124568
0.8500000000000001,0.499454,0.155505
1.0100000000000002,0.533071,0.147518
1.0500000000000003,0.556782,0.0829247
0.8500000000000001,0.577944,0.106349
1.0300000000000002,0.544798,0.116844
0.9100000000000001,0.608797,0.100349
0.9500000000000002,0.599518,0.130541
0.9500000000000002,0.568916,0.137813
0.9700000000000001,0.640275,0.0932266
0.9100000000000001,0.674602,0.0849067
1.0100000000000002,0.663341,0.114268
0.8900000000000001,0.630765,0.123762
0.9700000000000001,0.621209,0.155045
1.0900000000000003,0.653914,0.147827
1.0500000000000003,0.689161,0.144255
1.0700000000000003,0.696627,0.110624
0.9300000000000002,0.728598,0.104772
0.8900000000000001,0.764698,0.095639
0.9100000000000001,0.721962,0.137076
1.1300000000000001,0.753643,0.126523
1.0500000000000003,0.798576,0.0862955
1.0500000000000003,0.831406,0.0797772
0.9700000000000001,0.82207,0.112523
1.1700000000000002,0.788682,0.119233
0.9500000000000002,0.813537,0.144665
1.0100000000000002,0.844772,0.136119
1.0100000000000002,0.885909,0.0948732
1.0100000000000002,0.853751,0.103038
1.0700000000000003,0.880755,0.126767
0.79,0.912352,0.121834
0.9500000000000002,0.901899,0.150542
1.0500000000000003,0.920155,0.0915065
1.0500000000000003,0.954972,0.0834752
0.9500000000000002,0.977084,0.110817
1.0100000000000002,0.944242,0.114622
1.0500000000000003,0.964165,0.144438
0.9300000000000002,0.932504,0.143913
1.0500000000000003,0.0200888,0.161962
1.1500000000000001,0.0457635,0.191379
0.8700000000000001,0.0117653,0.192615
0.8500000000000001,0.0329854,0.223194
1.0900000000000003,0.0642293,0.224101
0.9700000000000001,0.0030903,0.222359
0.8300000000000001,0.0755867,0.173548
0.9300000000000002,0.106505,0.172599
0.9700000000000001,0.13749,0.16904
0.9900000000000001,0.0890556,0.199155
0.8300000000000001,0.120888,0.199061
0.9700000000000001,0.103113,0.227703
1.0500000000000003,0.136294,0.228533
1.0900000000000003,0.152645,0.199401
0.8900000000000001,0.167151,0.17007
1.0100000000000002,0.196048,0.163246
0.9300000000000002,0.2176,0.185277
1.0100000000000002,0.187617,0.195917
1.2100000000000002,0.175987,0.231635
0.9700000000000001,0.210646,0.219439
1.0100000000000002,0.247825,0.17209
1.0100000000000002,0.28053,0.160001
0.9500000000000002,0.275794,0.19313
1.1100000000000003,0.243091,0.206239
1.1100000000000003,0.271609,0.226702
1.1300000000000001,0.308185,0.181896
1.1100000000000003,0.340699,0.169204
0.9500000000000002,0.367788,0.190588
0.9100000000000001,0.335094,0.203289
1.0100000000000002,0.305528,0.215396
0.9700000000000001,0.362108,0.220857
0.9500000000000002,0.431233,0.174227
1.0300000000000002,0.399246,0.182591
0.8900000000000001,0.422965,0.207453
1.0300000000000002,0.453053,0.198796
0.8900000000000001,0.392602,0.213711
0.9300000000000002,0.445045,0.231434
1.1100000000000003,0.463441,0.165484
0.9900000000000001,0.522148,0.179223
1.1700000000000002,0.489442,0.190301
1.0700000000000003,0.479085,0.224283
0.8500000000000001,0.51185,0.215811
1.1700000000000002,0.557475,0.171878
0.9300000000000002,0.590266,0.162969
1.1300000000000001,0.545324,0.206992
1.1300000000000001,0.5825,0.198493
0.9300000000000002,0.571169,0.231188
0.9100000000000001,0.603228,0.223621
0.8700000000000001,0.611978,0.18513
1.0300000000000002,0.676894,0.176669
1.0500000000000003,0.642755,0.1806
1.0100000000000002,0.666284,0.208048
1.0300000000000002,0.632894,0.213819
1.1500000000000001,0.711746,0.171152
1.2500000000000002,0.74825,0.163015
1.0500000000000003,0.701264,0.205197
1.0700000000000003,0.735403,0.197465
0.8900000000000001,0.69116,0.234078
0.9700000000000001,0.724195,0.228884
0.77,0.757477,0.220737
1.1300000000000001,0.773337,0.192956
1.0100000000000002,0.783385,0.155837
1.0500000000000003,0.80637,0.179702
0.9300000000000002,0.836614,0.168461
0.8500000000000001,0.830408,0.201366
1.1500000000000001,0.801618,0.217683
1.0100000000000002,0.868243,0.158722
1.0500000000000003,0.89221,0.182439
0.9700000000000001,0.859158,0.190072
1.0100000000000002,0.882001,0.213214
1.0100000000000002,0.91418,0.20832
0.7300000000000001,0.851699,0.216913
1.1300000000000001,0.927507,0.17637
0.9700000000000001,0.988609,0.168626
0.8500000000000001,0.959498,0.175755
0.9700000000000001,0.979968,0.200033
0.9700000000000001,0.947985,0.204749
1.1100000000000003,0.970236,0.233091
1.0500000000000003,0.015147,0.25487
0.9300000000000002,0.0497881,0.254821
1.1100000000000003,0.0335804,0.284993
1.1100000000000003,0.0689963,0.285383
0.9500000000000002,0.000135461,0.28679
1.0300000000000002,0.0827108,0.254362
0.9500000000000002,0.117184,0.25685
1.0900000000000003,0.103852,0.285829
0.7100000000000001,0.133257,0.279633
0.9100000000000001,0.147912,0.258395
0.9500000000000002,0.207078,0.252
1.0700000000000003,0.178197,0.271441
0.9300000000000002,0.207345,0.282987
1.2100000000000002,0.155322,0.302658
0.9500000000000002,0.190685,0.308941
0.9900000000000001,0.239512,0.241383
0.8700000000000001,0.266263,0.258583
1.1500000000000001,0.300043,0.25017
1.0900000000000003,0.238029,0.274902
0.9300000000000002,0.267628,0.288164
0.9900000000000001,0.297879,0.285503
1.0900000000000003,0.225548,0.31028
0.9700000000000001,0.332403,0.235918
0.9300000000000002,0.357899,0.250901
1.2100000000000002,0.332562,0.273111
0.9300000000000002,0.36928,0.2783
0.9900000000000001,0.32005,0.30863
0.9300000000000002,0.352378,0.303807
0.81,0.385238,0.243777
0.9900000000000001,0.413977,0.237497
0.9500000000000002,0.434247,0.263583
0.8900000000000001,0.402573,0.26789
0.9500000000000002,0.456738,0.290206
0.9500000000000002,0.393582,0.298293
0.9900000000000001,0.424654,0.294124
0.9100000000000001,0.498643,0.250864
1.0300000000000002,0.528556,0.239511
1.0300000000000002,0.466321,0.257723
1.0500000000000003,0.489116,0.281859
1.1700000000000002,0.523552,0.277065
1.0300000000000002,0.514761,0.313143
0.9700000000000001,0.592794,0.25343
1.2100000000000002,0.557209,0.260742
1.0300000000000002,0.580434,0.287869
1.0100000000000002,0.548068,0.306093
0.77,0.60444,0.306549
1.0300000000000002,0.614643,0.277863
0.9900000000000001,0.623941,0.245705
1.0700000000000003,0.657665,0.239536
1.0300000000000002,0.681585,0.263844
0.9500000000000002,0.647149,0.271644
1.1300000000000001,0.635823,0.306336
1.2100000000000002,0.67212,0.298302
0.9300000000000002,0.746711,0.252266
1.0500000000000003,0.714513,0.259867
0.9500000000000002,0.738525,0.283136
0.9700000000000001,0.707482,0.292027
1.0500000000000003,0.761589,0.306936
1.0500000000000003,0.771171,0.274683
0.9500000000000002,0.776185,0.241589
1.0100000000000002,0.831017,0.235291
1.2100000000000002,0.806403,0.261417
1.0900000000000003,0.795544,0.298503
1.1100000000000003,0.830044,0.291915
0.9300000000000002,0.846608,0.264008
0.9700000000000001,0.865702,0.240609
0.8700000000000001,0.899902,0.238486
0.8300000000000001,0.885327,0.262498
0.8900000000000001,0.914323,0.263431
1.0300000000000002,0.865691,0.289239
0.8300000000000001,0.897351,0.287324
1.1300000000000001,0.933186,0.236519
0.8500000000000001,0.983965,0.26252
1.0700000000000003,0.951987,0.266465
0.8500000000000001,0.972362,0.289984
1.0500000000000003,0.928523,0.292619
1.0300000000000002,0.0219114,0.318257
1.0100000000000002,0.0550178,0.315331
0.9700000000000001,0.0407437,0.345409
0.9700000000000001,0.00895126,0.348739
0.9300000000000002,0.025785,0.374917
1.0100000000000002,0.0601291,0.371674
1.0300000000000002,0.0742278,0.34196
0.8700000000000001,0.0894153,0.315504
0.9300000000000002,0.121842,0.313582
0.9500000000000002,0.107524,0.339596
0.9300000000000002,0.140267,0.337304
0.9500000000000002,0.0930712,0.369464
0.9700000000000001,0.125122,0.367045
1.0100000000000002,0.157366,0.365664
1.0300000000000002,0.173156,0.336087
0.9500000000000002,0.206921,0.33894
0.9700000000000001,0.189446,0.366279
1.1700000000000002,0.223785,0.36849
0.9500000000000002,0.259018,0.316606
0.8900000000000001,0.289791,0.315543
0.9500000000000002,0.241753,0.340647
0.9100000000000001,0.275903,0.342713
1.0700000000000003,0.258625,0.371946
1.0100000000000002,0.292,0.372546
0.9700000000000001,0.306883,0.341625
1.0500000000000003,0.340266,0.33425
1.0900000000000003,0.376113,0.327151
0.8900000000000001,0.363903,0.357187
1.29,0.329857,0.371141
0.9700000000000001,0.412807,0.32634
0.9700000000000001,0.447715,0.320664
0.9100000000000001,0.435435,0.348986
1.1900000000000002,0.39731,0.357798
1.0100000000000002,0.424784,0.378455
0.8900000000000001,0.456767,0.377049
1.0300000000000002,0.480734,0.315706
0.8900000000000001,0.501422,0.343371
1.0500000000000003,0.468771,0.34708
1.0700000000000003,0.489113,0.374379
1.1100000000000003,0.523297,0.373007
1.0900000000000003,0.538415,0.339861
0.8300000000000001,0.576844,0.31689
0.9500000000000002,0.599996,0.334775
0.8700000000000001,0.56958,0.344386
1.0700000000000003,0.55795,0.373579
1.1300000000000001,0.594869,0.367547
0.9500000000000002,0.663289,0.332809
1.0700000000000003,0.631748,0.340959
0.9100000000000001,0.656914,0.363824
1.0700000000000003,0.688846,0.356984
0.8900000000000001,0.627131,0.371553
1.0300000000000002,0.697272,0.323208
0.8900000000000001,0.730414,0.313483
1.0100000000000002,0.753934,0.340564
1.1300000000000001,0.721899,0.348315
0.8500000000000001,0.71108,0.382242
1.0700000000000003,0.743231,0.375728
1.0900000000000003,0.819521,0.32547
0.9900000000000001,0.786281,0.332957
1.0300000000000002,0.811448,0.359067
0.8700000000000001,0.842386,0.350724
1.1300000000000001,0.77761,0.36752
1.0100000000000002,0.834052,0.383519
1.0500000000000003,0.853045,0.32038
1.0700000000000003,0.889018,0.31756
0.9500000000000002,0.872606,0.347555
1.0100000000000002,0.904715,0.349358
0.6900000000000001,0.860028,0.372529
1.0100000000000002,0.887782,0.379508
0.81,0.920464,0.322642
1.0100000000000002,0.989323,0.317932
1.1700000000000002,0.953402,0.317344
1.2100000000000002,0.973374,0.351064
1.0300000000000002,0.938643,0.349906
1.0900000000000003,0.922538,0.380166
1.1300000000000001,0.992616,0.384223
0.9700000000000001,0.957486,0.383385
0.9900000000000001,0.0429375,0.400306
0.8700000000000001,0.010575,0.410285
0.8300000000000001,0.0320126,0.427717
1.0900000000000003,0.0620831,0.430551
1.0300000000000002,0.00795979,0.445472
1.1300000000000001,0.0411527,0.459581
1.0100000000000002,0.0769359,0.399908
0.9700000000000001,0.11017,0.396967
0.9100000000000001,0.142197,0.393533
1.0500000000000003,0.0957835,0.427732
1.0500000000000003,0.129935,0.424066
1.0500000000000003,0.081424,0.45924
1.0300000000000002,0.115406,0.455391
0.9300000000000002,0.173421,0.39433
0.9900000000000001,0.203906,0.395146
0.9100000000000001,0.161555,0.422324
0.79,0.189815,0.419665
1.0100000000000002,0.217487,0.427118
1.0700000000000003,0.152286,0.453403
0.8900000000000001,0.184699,0.447498
1.0500000000000003,0.238416,0.40092
0.9900000000000001,0.273078,0.402603
0.8900000000000001,0.251786,0.429598
1.1500000000000001,0.286417,0.433902
1.0300000000000002,0.232852,0.455222
0.9900000000000001,0.26534,0.461713
1.1100000000000003,0.307744,0.403643
1.0300000000000002,0.362206,0.388745
0.9900000000000001,0.34059,0.413281
1.0100000000000002,0.373654,0.420361
0.9700000000000001,0.320497,0.439066
0.9500000000000002,0.35235,0.448562
1.0700000000000003,0.396547,0.39486
0.9500000000000002,0.441158,0.405224
1.2300000000000002,0.412741,0.426954
1.1700000000000002,0.452385,0.437962
1.0500000000000003,0.385499,0.453316
1.0500000000000003,0.421372,0.462991
1.0700000000000003,0.474359,0.405344
0.9900000000000001,0.508152,0.405455
1.2500000000000002,0.491084,0.440072
1.0700000000000003,0.52759,0.435116
0.9900000000000001,0.542368,0.403169
1.0500000000000003,0.579912,0.399696
1.0100000000000002,0.614538,0.399294
1.1100000000000003,0.564133,0.432675
1.0900000000000003,0.599707,0.429644
0.8900000000000001,0.587018,0.459556
1.0100000000000002,0.648188,0.395699
1.0300000000000002,0.680109,0.388365
1.0300000000000002,0.668189,0.422119
0.8900000000000001,0.634003,0.425878
0.9900000000000001,0.620074,0.457608
0.9900000000000001,0.653372,0.45124
1.0700000000000003,0.690049,0.449483
1.0500000000000003,0.735001,0.409022
1.0700000000000003,0.702003,0.414176
1.2300000000000002,0.757883,0.437478
0.9700000000000001,0.722222,0.444044
1.0500000000000003,0.768245,0.401586
1.0300000000000002,0.801677,0.392955
0.8900000000000001,0.826158,0.413927
0.9100000000000001,0.793337,0.423945
0.8900000000000001,0.819252,0.442808
1.0300000000000002,0.790065,0.45677
1.0300000000000002,0.861083,0.402463
0.9900000000000001,0.902629,0.4077
1.0500000000000003,0.849892,0.435911
0.8500000000000001,0.879998,0.4281
1.0900000000000003,0.91013,0.440508
1.1300000000000001,0.879844,0.462093
1.1500000000000001,0.938016,0.414136
1.2500000000000002,0.976381,0.422106
1.1300000000000001,0.97628,0.460435
1.0300000000000002,0.943228,0.448156
0.9100000000000001,0.00868729,0.477671
1.1300000000000001,0.0650177,0.489666
0.79,0.0321601,0.492901
0.9500000000000002,0.0114308,0.512491
1.31,0.0474383,0.52516
1.0100000000000002,0.135658,0.483548
1.0900000000000003,0.101128,0.487227
1.0100000000000002,0.0852036,0.519076
0.9500000000000002,0.119199,0.514041
0.9100000000000001,0.137543,0.537805
0.9700000000000001,0.151145,0.511136
1.1700000000000002,0.174065,0.484339
0.9900000000000001,0.206056,0.47314
0.9300000000000002,0.180988,0.521567
1.2300000000000002,0.214382,0.509654
1.0500000000000003,0.20403,0.545901
0.9500000000000002,0.242293,0.485604
0.9500000000000002,0.297815,0.466407
0.9300000000000002,0.27393,0.491186
1.0500000000000003,0.251536,0.517044
0.8300000000000001,0.233521,0.540204
1.0500000000000003,0.283415,0.525917
0.9900000000000001,0.305792,0.499003
1.0300000000000002,0.328575,0.473715
1.1300000000000001,0.362764,0.480943
0.9900000000000001,0.338675,0.506454
0.9500000000000002,0.371193,0.514853
1.0100000000000002,0.316339,0.530379
0.9900000000000001,0.34995,0.538352
1.1100000000000003,0.396861,0.488721
1.0500000000000003,0.430775,0.495482
1.0100000000000002,0.453854,0.472296
1.1100000000000003,0.406254,0.522671
1.0900000000000003,0.441109,0.530724
0.8500000000000001,0.483428,0.473234
1.0100000000000002,0.513903,0.468357
0.8700000000000001,0.499957,0.496505
1.1700000000000002,0.467793,0.504684
1.1100000000000003,0.476607,0.540984
0.9500000000000002,0.505735,0.524902
1.2100000000000002,0.534058,0.499168
1.0300000000000002,0.546499,0.463834
1.1500000000000001,0.570923,0.488495
1.0900000000000003,0.60711,0.488568
0.9900000000000001,0.59262,0.522192
1.0300000000000002,0.535063,0.538993
0.9300000000000002,0.561426,0.51983
1.0700000000000003,0.641438,0.484861
1.0100000000000002,0.673657,0.478779
0.9700000000000001,0.626469,0.516089
1.0900000000000003,0.660998,0.513299
0.9300000000000002,0.677708,0.542094
0.9100000000000001,0.693815,0.50906
0.8700000000000001,0.703726,0.479685
0.9700000000000001,0.731286,0.474697
0.8500000000000001,0.723477,0.505281
0.9500000000000002,0.753415,0.502975
1.0300000000000002,0.710587,0.535223
0.9500000000000002,0.743321,0.532858
0.9900000000000001,0.762392,0.473175
0.9300000000000002,0.815939,0.473591
1.1300000000000001,0.790888,0.494002
0.8900000000000001,0.832758,0.497822
1.0900000000000003,0.77939,0.52743
1.0300000000000002,0.813711,0.523499
0.9700000000000001,0.846154,0.468718
0.8700000000000001,0.893998,0.492587
0.9300000000000002,0.865281,0.494863
0.9100000000000001,0.916359,0.472365
0.9700000000000001,0.884819,0.521443
0.9300000000000002,0.852381,0.522345
1.0900000000000003,0.920746,0.50954
1.0700000000000003,0.946551,0.484145
1.1700000000000002,0.980378,0.496659
0.8900000000000001,0.952851,0.51665
1.1500000000000001,0.98216,0.533818
0.9700000000000001,0.932861,0.541205
0.9300000000000002,0.0149832,0.54475
0.9300000000000002,0.0443123,0.562899
0.8500000000000001,0.0172862,0.575037
0.9700000000000001,0.0391829,0.594679
0.9700000000000001,0.0692118,0.583143
0.9300000000000002,0.061503,0.617222
1.1900000000000002,-0.00102712,0.605591
1.0100000000000002,0.0753175,0.551304
0.9500000000000002,0.106455,0.543193
0.8900000000000001,0.0992885,0.572891
1.0500000000000003,0.130801,0.568273
1.0300000000000002,0.0937265,0.604569
0.9900000000000001,0.126767,0.601772
1.1900000000000002,0.167453,0.55291
1.0700000000000003,0.193409,0.579154
1.0900000000000003,0.159795,0.590738
0.8500000000000001,0.185086,0.611316
0.9300000000000002,0.215885,0.601855
1.0500000000000003,0.227584,0.570792
1.0500000000000003,0.262696,0.553077
0.9700000000000001,0.296028,0.556083
0.8500000000000001,0.276625,0.580783
0.9900000000000001,0.250625,0.593364
1.1300000000000001,0.278289,0.614417
0.9500000000000002,0.305323,0.587606
1.0100000000000002,0.327631,0.563196
0.9700000000000001,0.359918,0.571775
0.9300000000000002,0.337394,0.594388
1.0900000000000003,0.367538,0.605966
1.0700000000000003,0.382381,0.547398
1.0300000000000002,0.41673,0.556735
1.0900000000000003,0.450593,0.565392
0.9700000000000001,0.391636,0.580085
1.0100000000000002,0.425001,0.588039
0.79,0.454747,0.595691
1.1300000000000001,0.402555,0.613708
1.0300000000000002,0.506416,0.5595
0.9900000000000001,0.480381,0.580149
1.0900000000000003,0.510268,0.596078
1.1300000000000001,0.479515,0.617594
1.0300000000000002,0.537901,0.572899
1.0900000000000003,0.569623,0.55172
1.0500000000000003,0.600591,0.572045
1.0500000000000003,0.56792,0.585646
1.0100000000000002,0.542883,0.608177
0.81,0.593259,0.601612
0.8900000000000001,0.61401,0.545224
0.9700000000000001,0.645155,0.543344
0.9500000000000002,0.663936,0.569087
1.0100000000000002,0.632737,0.573572
1.0700000000000003,0.682246,0.59754
0.8500000000000001,0.621014,0.60324
0.9300000000000002,0.649926,0.601545
1.0100000000000002,0.698027,0.567424
0.9300000000000002,0.730897,0.562515
1.0500000000000003,0.763976,0.558186
0.9100000000000001,0.717322,0.592897
1.0100000000000002,0.750096,0.589092
0.9100000000000001,0.736368,0.617925
0.8300000000000001,0.802194,0.553403
1.1100000000000003,0.835587,0.550957
1.1100000000000003,0.784965,0.585554
1.1500000000000001,0.820756,0.583033
0.9100000000000001,0.769346,0.616132
0.9500000000000002,0.805054,0.613455
0.9900000000000001,0.839067,0.612155
0.9100000000000001,0.870361,0.549791
0.9500000000000002,0.901836,0.549355
0.8900000000000001,0.8921,0.577467
1.1700000000000002,0.858725,0.581498
0.8900000000000001,0.873502,0.611635
1.0300000000000002,0.905874,0.606781
0.9900000000000001,0.958314,0.559637
1.1900000000000002,0.925996,0.576113
0.9700000000000001,0.989252,0.568901
1.0100000000000002,0.964527,0.592852
0.79,0.938299,0.607909
1.0300000000000002,0.0298762,0.626903
1.0300000000000002,0.053936,0.650228
0.8300000000000001,0.0240994,0.657596
1.0700000000000003,-0.00205668,0.641362
1.1500000000000001,0.0435049,0.683181
0.8700000000000001,0.00811956,0.680075
0.8900000000000001,0.121262,0.632366
1.1700000000000002,0.0871727,0.639845
0.9700000000000001,0.144035,0.653647
1.0700000000000003,0.111848,0.666018
0.9100000000000001,0.0781242,0.673612
1.0900000000000003,0.137972,0.688897
0.9300000000000002,0.152414,0.623563
1.0100000000000002,0.208036,0.632614
0.9700000000000001,0.176466,0.642137
0.9700000000000001,0.168688,0.675162
0.9500000000000002,0.199813,0.665775
0.8900000000000001,0.230308,0.656174
1.0900000000000003,0.241423,0.624679
0.8500000000000001,0.295075,0.643605
1.0100000000000002,0.265294,0.647497
1.0500000000000003,0.294438,0.674314
1.0700000000000003,0.223284,0.687687
0.9900000000000001,0.255166,0.676358
1.1300000000000001,0.317195,0.620137
0.9300000000000002,0.347196,0.633665
0.9300000000000002,0.323418,0.653871
0.9100000000000001,0.353287,0.665378
1.0500000000000003,0.32827,0.685441
1.1700000000000002,0.38025,0.64313
1.0900000000000003,0.438665,0.622008
1.0900000000000003,0.416575,0.652391
1.0500000000000003,0.455744,0.651621
0.9500000000000002,0.388974,0.676652
0.7500000000000001,0.412375,0.692863
0.9700000000000001,0.437272,0.678473
0.9500000000000002,0.517246,0.629167
1.1900000000000002,0.490958,0.652662
1.1300000000000001,0.526115,0.663696
1.0100000000000002,0.469608,0.681606
1.1100000000000003,0.502929,0.690014
0.9700000000000001,0.549416,0.639476
0.8300000000000001,0.572402,0.61976
0.8900000000000001,0.602639,0.627292
1.0700000000000003,0.58145,0.650576
0.8500000000000001,0.559711,0.672504
0.9100000000000001,0.591921,0.682363
1.0300000000000002,0.614386,0.657772
0.8900000000000001,0.63339,0.630962
1.2700000000000002,0.667486,0.633095
0.9100000000000001,0.647013,0.665104
0.9900000000000001,0.675884,0.673733
0.9300000000000002,0.622901,0.689377
0.9300000000000002,0.654084,0.69637
0.7500000000000001,0.694304,0.650423
0.9900000000000001,0.703934,0.622614
0.9900000000000001,0.756322,0.644783
1.0700000000000003,0.724428,0.648551
0.9100000000000001,0.708124,0.676481
0.9500000000000002,0.739242,0.676584
0.9900000000000001,0.789271,0.641971
1.0300000000000002,0.822013,0.640978
1.0700000000000003,0.773845,0.673656
0.9900000000000001,0.8077,0.671001
0.9900000000000001,0.840762,0.671461
0.9900000000000001,0.892736,0.637265
1.1300000000000001,0.858665,0.641612
1.0700000000000003,0.877973,0.671029
1.0300000000000002,0.91164,0.665165
1.0500000000000003,0.927798,0.635146
1.1500000000000001,0.963273,0.630343
1.0300000000000002,0.976189,0.668501
0.8700000000000001,0.945082,0.661577
1.0300000000000002,0.919327,0.698015
1.0900000000000003,0.95282,0.694597
1.0100000000000002,0.0169946,0.71098
0.81,0.0449915,0.714575
0.9900000000000001,0.0303145,0.742673
1.2300000000000002,0.068224,0.738381
1.1500000000000001,-0.00494678,0.740307
0.9700000000000001,0.0145648,0.770578
1.1700000000000002,0.0521957,0.773923
0.9300000000000002,0.0738928,0.704417
0.9700000000000001,0.10472,0.699991
0.9900000000000001,0.131067,0.722087
0.9300000000000002,0.101181,0.73143
1.0100000000000002,0.092067,0.765371
1.0100000000000002,0.124341,0.754928
0.8900000000000001,0.160721,0.710815
1.0500000000000003,0.191196,0.699771
0.9300000000000002,0.217307,0.721933
0.9700000000000001,0.155498,0.743184
0.9300000000000002,0.18568,0.732496
0.9100000000000001,0.178886,0.766284
1.0700000000000003,0.209961,0.754545
0.8900000000000001,0.24663,0.708534
0.9500000000000002,0.27619,0.699907
1.1100000000000003,0.279144,0.732205
1.1300000000000001,0.244673,0.742868
1.0900000000000003,0.273411,0.766246
0.9700000000000001,0.304894,0.709029
0.8900000000000001,0.335829,0.717057
1.0500000000000003,0.363014,0.697111
0.9300000000000002,0.366868,0.728874
0.8900000000000001,0.310524,0.737853
1.1500000000000001,0.34138,0.749159
1.0700000000000003,0.311795,0.771236
0.9700000000000001,0.373351,0.763921
0.8500000000000001,0.392261,0.711182
0.8300000000000001,0.449886,0.705404
1.0100000000000002,0.423525,0.719672
1.0100000000000002,0.397557,0.742444
1.0500000000000003,0.455591,0.734653
0.9900000000000001,0.429465,0.754871
0.8900000000000001,0.480438,0.714778
0.9500000000000002,0.51249,0.722223
1.0300000000000002,0.48692,0.747088
1.0100000000000002,0.461801,0.769344
0.9700000000000001,0.51999,0.753889
1.0100000000000002,0.536607,0.697359
1.0100000000000002,0.568581,0.703006
0.9300000000000002,0.599331,0.712478
1.0500000000000003,0.545156,0.729086
0.8900000000000001,0.576024,0.73494
1.1500000000000001,0.60777,0.745016
1.1300000000000001,0.555304,0.761758
1.0300000000000002,0.633519,0.720424
1.1900000000000002,0.669711,0.726851
1.1300000000000001,0.646056,0.754862
0.9900000000000001,0.684446,0.759694
0.8900000000000001,0.691663,0.70212
0.8500000000000001,0.720951,0.704274
1.0700000000000003,0.755794,0.704144
0.9100000000000001,0.704514,0.729997
1.0500000000000003,0.73698,0.732869
0.9900000000000001,0.717078,0.760678
0.9500000000000002,0.754448,0.759423
0.9300000000000002,0.790468,0.703672
1.0900000000000003,0.822583,0.701505
0.9900000000000001,0.772979,0.731341
1.0700000000000003,0.841892,0.729635
0.8700000000000001,0.806434,0.730017
1.0700000000000003,0.79093,0.758824
0.9900000000000001,0.824393,0.759279
0.9900000000000001,0.856862,0.699746
0.9500000000000002,0.887772,0.702449
0.8900000000000001,0.873199,0.730191
0.9100000000000001,0.905531,0.72985
0.9700000000000001,0.857318,0.760207
1.0300000000000002,0.890532,0.758545
0.9500000000000002,0.986003,0.699889
0.8500000000000001,0.966823,0.722977
0.9700000000000001,0.935803,0.725565
0.9300000000000002,0.954519,0.751998
0.9700000000000001,0.923236,0.757128
1.0500000000000003,0.978649,0.774
0.81,0.0296528,0.796995
0.8900000000000001,0.0206685,0.825187
0.9500000000000002,0.050404,0.815961
1.0100000000000002,0.000525986,0.798626
0.9900000000000001,0.0460247,0.848709
0.8900000000000001,0.116051,0.786811
1.1900000000000002,0.0802365,0.799003
1.0700000000000003,0.142778,0.807368
1.1300000000000001,0.109077,0.820617
1.0700000000000003,0.0770599,0.836046
0.9700000000000001,0.13744,0.840401
0.9300000000000002,0.149879,0.773992
0.9500000000000002,0.20471,0.786265
0.8900000000000001,0.173057,0.797121
0.9300000000000002,0.198054,0.816116
1.0300000000000002,0.169681,0.829543
1.0300000000000002,0.230305,0.811657
1.0900000000000003,0.237821,0.777527
0.8900000000000001,0.289091,0.794373
0.8300000000000001,0.261127,0.798909
0.8700000000000001,0.290062,0.823677
0.8500000000000001,0.229087,0.842517
1.0500000000000003,0.258229,0.829535
1.1100000000000003,0.347032,0.786322
1.0500000000000003,0.318531,0.806177
1.2300000000000002,0.353114,0.82486
1.0900000000000003,0.317856,0.841535
1.0100000000000002,0.379372,0.796732
0.8300000000000001,0.388979,0.826294
0.9700000000000001,0.403711,0.775699
0.9500000000000002,0.435361,0.788195
0.9100000000000001,0.409883,0.807967
1.0700000000000003,0.439088,0.821745
0.9700000000000001,0.413868,0.843628
1.1300000000000001,0.497505,0.781602
0.9700000000000001,0.465573,0.801264
0.8500000000000001,0.529779,0.782989
0.8500000000000001,0.493832,0.816344
1.0300000000000002,0.525429,0.813993
0.9100000000000001,0.469901,0.832226
1.0300000000000002,0.509874,0.844236
0.9300000000000002,0.586889,0.772654
1.33,0.561005,0.802317
1.0100000000000002,0.599194,0.803096
0.9100000000000001,0.548119,0.837842
0.9500000000000002,0.584836,0.833288
0.8500000000000001,0.617058,0.775694
1.1900000000000002,0.66452,0.788873
0.9300000000000002,0.631471,0.800904
0.9100000000000001,0.652294,0.822522
1.1300000000000001,0.619309,0.832132
1.0900000000000003,0.685254,0.818498
0.9300000000000002,0.700546,0.788208
1.0900000000000003,0.736832,0.788165
1.0500000000000003,0.719647,0.817392
0.8500000000000001,0.754449,0.817738
0.9900000000000001,0.702846,0.847036
1.0700000000000003,0.73694,0.848187
1.1100000000000003,0.771617,0.789141
1.0500000000000003,0.80745,0.788283
1.0300000000000002,0.789034,0.818655
1.1100000000000003,0.827492,0.816062
1.0500000000000003,0.771847,0.845834
1.0900000000000003,0.80759,0.846907
0.8500000000000001,0.840672,0.786592
1.0100000000000002,0.875358,0.788858
1.2300000000000002,0.911062,0.791035
0.9300000000000002,0.86211,0.818185
1.0100000000000002,0.895813,0.823655
1.1100000000000003,0.84241,0.848292
0.81,0.872519,0.844449
0.8900000000000001,0.945861,0.782403
0.9900000000000001,0.969099,0.805305
0.8900000000000001,0.990942,0.828739
0.9300000000000002,0.938244,0.812854
1.2100000000000002,0.925273,0.845222
0.8900000000000001,0.961549,0.836391
0.77,0.0165064,0.852481
0.8900000000000001,0.0479551,0.879413
1.1100000000000003,0.0136716,0.883653
1.0700000000000003,0.0721437,0.902966
1.0900000000000003,0.0369702,0.911294
0.9900000000000001,0.00347246,0.918978
0.9500000000000002,0.0758693,0.869735
0.9700000000000001,0.105681,0.856178
0.9500000000000002,0.133435,0.872339
1.1500000000000001,0.105684,0.893131
0.8700000000000001,0.137063,0.900471
0.9500000000000002,0.0966801,0.930856
1.0500000000000003,0.165618,0.86293
1.0500000000000003,0.198705,0.848712
0.9900000000000001,0.19318,0.882691
0.8500000000000001,0.224313,0.873423
0.8300000000000001,0.164944,0.894058
1.0300000000000002,0.217944,0.905001
0.9900000000000001,0.156267,0.925586
0.9700000000000001,0.1866,0.915704
1.0100000000000002,0.254148,0.862285
0.9100000000000001,0.285003,0.851946
1.0500000000000003,0.281935,0.884275
1.0900000000000003,0.249992,0.895244
0.9100000000000001,0.276237,0.919129
0.9900000000000001,0.346614,0.862142
0.9900000000000001,0.313867,0.87462
1.0500000000000003,0.372206,0.884228
0.8900000000000001,0.378474,0.853167
1.0500000000000003,0.339136,0.896219
0.9700000000000001,0.30631,0.907497
1.0300000000000002,0.364355,0.917417
0.9500000000000002,0.402672,0.87288
1.0900000000000003,0.446689,0.856173
0.9300000000000002,0.396762,0.906228
1.1500000000000001,0.431136,0.890836
1.0500000000000003,0.42276,0.926263
0.8500000000000001,0.455665,0.915617
0.8700000000000001,0.48043,0.858135
0.9500000000000002,0.504298,0.877869
1.0900000000000003,0.468556,0.88784
0.9700000000000001,0.526148,0.902133
0.9500000000000002,0.495105,0.908132
1.0500000000000003,0.536159,0.869168
1.0700000000000003,0.569501,0.864478
0.9900000000000001,0.602924,0.86305
0.9500000000000002,0.558844,0.897926
0.81,0.590147,0.89258
0.9900000000000001,0.578762,0.923708
0.81,0.634035,0.860565
1.1100000000000003,0.665155,0.85224
0.9700000000000001,0.654594,0.885462
0.9700000000000001,0.620567,0.888692
0.9300000000000002,0.609759,0.917439
1.0700000000000003,0.641972,0.915819
1.0100000000000002,0.674903,0.91341
1.2500000000000002,0.689316,0.880545
0.9700000000000001,0.724041,0.880167
1.0500000000000003,0.757356,0.876971
1.0700000000000003,0.708581,0.913767
0.9900000000000001,0.742503,0.906653
0.9500000000000002,0.825797,0.876963
1.1300000000000001,0.790864,0.878483
0.8900000000000001,0.773862,0.906873
1.0100000000000002,0.809428,0.907555
1.2100000000000002,0.847986,0.905434
0.9500000000000002,0.895273,0.86184
0.9100000000000001,0.862736,0.871888
1.1900000000000002,0.887346,0.895891
0.9900000000000001,0.915574,0.916918
1.0900000000000003,0.921781,0.883239
1.0900000000000003,0.986728,0.860431
1.0700000000000003,0.952816,0.869573
1.0900000000000003,0.976881,0.89474
0.9300000000000002,0.970209,0.926863
0.9100000000000001,0.945835,0.907138
1.1300000000000001,0.0180451,0.980094
1.0300000000000002,0.0531224,0.97512
1.0900000000000003,0.0275574,0.946275
1.2300000000000002,0.063248,0.938792
1.0700000000000003,0.0758163,0.999683
0.9300000000000002,0.107664,0.989962
0.9900000000000001,0.139698,0.982332
1.0300000000000002,0.0858896,0.966776
1.0100000000000002,0.117655,0.956793
0.8700000000000001,0.126291,0.927
0.79,0.149059,0.954732
0.9900000000000001,0.195861,1.00207
1.0100000000000002,0.172318,0.979046
0.9500000000000002,0.204483,0.970399
0.9700000000000001,0.178699,0.948149
1.0500000000000003,0.211103,0.939191
1.0500000000000003,0.228946,0.993128
1.0300000000000002,0.285286,1.00425
0.9700000000000001,0.260397,0.982088
0.9300000000000002,0.293541,0.971737
0.9700000000000001,0.236592,0.961849
0.9900000000000001,0.269399,0.950985
1.0500000000000003,0.243876,0.929529
0.9300000000000002,0.316961,0.992504
1.0500000000000003,0.349562,0.983909
0.9300000000000002,0.299803,0.940868
0.8700000000000001,0.322383,0.962718
1.1100000000000003,0.356429,0.950568
0.9700000000000001,0.331187,0.929295
1.1700000000000002,0.408594,0.996418
1.0900000000000003,0.443545,0.991239
1.0500000000000003,0.382378,0.973321
1.0500000000000003,0.422642,0.961852
1.1100000000000003,0.39141,0.940495
0.8300000000000001,0.449816,0.943902
1.1300000000000001,0.482638,1.00047
0.9700000000000001,0.518502,0.996089
0.9900000000000001,0.467188,0.9681
1.1100000000000003,0.500001,0.966027
1.0100000000000002,0.479619,0.935812
0.9900000000000001,0.512714,0.933849
1.0700000000000003,0.552003,0.989893
1.0500000000000003,0.533966,0.962095
1.0700000000000003,0.586688,0.983614
0.9700000000000001,0.566956,0.955547
1.0900000000000003,0.600691,0.951482
1.0300000000000002,0.545628,0.929632
0.8300000000000001,0.66635,1.00237
1.0100000000000002,0.621095,0.981543
1.0300000000000002,0.65383,0.976144
0.9900000000000001,0.634864,0.949617
1.1300000000000001,0.671432,0.946238
0.9700000000000001,0.71885,0.984899
1.0100000000000002,0.753027,0.988975
0.9500000000000002,0.68635,0.97933
0.9700000000000001,0.739858,0.959768
1.0300000000000002,0.706068,0.951675
0.77,0.731788,0.933285
0.8300000000000001,0.759599,0.932706
1.1900000000000002,0.78944,0.994648
1.0700000000000003,0.824758,0.991433
1.0500000000000003,0.772537,0.961099
1.0900000000000003,0.806753,0.961195
0.9100000000000001,0.791048,0.933261
0.8500000000000001,0.824846,0.934075
0.8700000000000001,0.858823,0.988084
0.9700000000000001,0.841063,0.96359
1.0900000000000003,0.876593,0.962424
0.81,0.902859,0.981157
0.8700000000000001,0.854498,0.937801
0.9900000000000001,0.88425,0.930085
1.0700000000000003,0.910464,0.951203
1.0300000000000002,0.983646,0.989385
1.0100000000000002,0.951371,0.997882
0.9500000000000002,0.959466,0.965789
0.8500000000000001,0.930453,0.977326
1.1700000000000002,0.991093,0.954026
0.9700000000000001,0.941935,0.938572
